mp_id,cif_path,bandgap_pbe
mp-626542,data_raw/mp-626542.cif,0.2875
mp-677065,data_raw/mp-677065.cif,2.153299999999999
mp-756077,data_raw/mp-756077.cif,2.876
mp-556422,data_raw/mp-556422.cif,2.8075
mp-606393,data_raw/mp-606393.cif,1.9659
mp-758096,data_raw/mp-758096.cif,1.923099999999999
mp-766847,data_raw/mp-766847.cif,0.0
mp-540540,data_raw/mp-540540.cif,1.749
mp-1228805,data_raw/mp-1228805.cif,0.0
mp-1208583,data_raw/mp-1208583.cif,3.0691
mp-28573,data_raw/mp-28573.cif,0.8858
mp-556208,data_raw/mp-556208.cif,0.0
mp-753785,data_raw/mp-753785.cif,3.2629
mp-1202206,data_raw/mp-1202206.cif,1.4763
mp-1221539,data_raw/mp-1221539.cif,0.9067
mp-23528,data_raw/mp-23528.cif,2.4544
mp-29863,data_raw/mp-29863.cif,2.5284
mp-753455,data_raw/mp-753455.cif,0.024099999999999
mp-760414,data_raw/mp-760414.cif,0.0
mp-558934,data_raw/mp-558934.cif,1.2708
mp-1216814,data_raw/mp-1216814.cif,0.0
mp-2802611,data_raw/mp-2802611.cif,5.5012
mp-625509,data_raw/mp-625509.cif,4.4183
mp-1094112,data_raw/mp-1094112.cif,4.2198
mp-559377,data_raw/mp-559377.cif,3.637
mp-1205638,data_raw/mp-1205638.cif,1.551499999999999
mp-1206444,data_raw/mp-1206444.cif,1.5285000000000002
mp-29019,data_raw/mp-29019.cif,0.633999999999999
mp-505212,data_raw/mp-505212.cif,1.3261
mp-769398,data_raw/mp-769398.cif,1.6831
mp-772199,data_raw/mp-772199.cif,0.6119999999999991
mp-753945,data_raw/mp-753945.cif,3.6609
mp-1069296,data_raw/mp-1069296.cif,0.0
mp-1070737,data_raw/mp-1070737.cif,0.2972
mp-11651,data_raw/mp-11651.cif,0.0
mp-11652,data_raw/mp-11652.cif,0.0
mp-1206367,data_raw/mp-1206367.cif,0.0
mp-1206753,data_raw/mp-1206753.cif,0.0
mp-1206996,data_raw/mp-1206996.cif,0.0
mp-19944,data_raw/mp-19944.cif,0.0
mp-20273,data_raw/mp-20273.cif,0.0
mp-21135,data_raw/mp-21135.cif,0.0
mp-28166,data_raw/mp-28166.cif,0.8913000000000001
mp-28171,data_raw/mp-28171.cif,1.0284
mp-28593,data_raw/mp-28593.cif,4.277500000000001
mp-28602,data_raw/mp-28602.cif,2.0299
mp-29241,data_raw/mp-29241.cif,0.0
mp-29242,data_raw/mp-29242.cif,0.0
mp-29243,data_raw/mp-29243.cif,0.0
mp-30055,data_raw/mp-30055.cif,0.3851
mp-4405,data_raw/mp-4405.cif,0.197899999999999
mp-754892,data_raw/mp-754892.cif,0.4794
mp-754940,data_raw/mp-754940.cif,0.0
mp-7961,data_raw/mp-7961.cif,0.0
mp-9200,data_raw/mp-9200.cif,0.5612
mp-9721,data_raw/mp-9721.cif,0.0
mp-985585,data_raw/mp-985585.cif,4.9291
mp-985586,data_raw/mp-985586.cif,1.8815
mp-675156,data_raw/mp-675156.cif,0.0
mp-1189731,data_raw/mp-1189731.cif,3.088899999999999
mp-27277,data_raw/mp-27277.cif,4.4681
mp-673798,data_raw/mp-673798.cif,1.0264
mp-781081,data_raw/mp-781081.cif,3.1125
mp-546285,data_raw/mp-546285.cif,0.8196000000000001
mp-1223812,data_raw/mp-1223812.cif,0.9897
mp-11649,data_raw/mp-11649.cif,0.5122
mp-17833,data_raw/mp-17833.cif,0.153
mp-22938,data_raw/mp-22938.cif,2.8945
mp-27714,data_raw/mp-27714.cif,6.7458
mp-30949,data_raw/mp-30949.cif,0.4234
mp-30950,data_raw/mp-30950.cif,0.3188
mp-562420,data_raw/mp-562420.cif,1.6127999999999991
mp-572291,data_raw/mp-572291.cif,1.0785
mp-755363,data_raw/mp-755363.cif,0.421699999999999
mp-755428,data_raw/mp-755428.cif,1.223399999999999
mp-18927,data_raw/mp-18927.cif,0.0
mp-1101316,data_raw/mp-1101316.cif,2.7903
mp-1101381,data_raw/mp-1101381.cif,1.4495
mp-1101450,data_raw/mp-1101450.cif,2.0803
mp-1205330,data_raw/mp-1205330.cif,0.056599999999999
mp-17193,data_raw/mp-17193.cif,0.140199999999999
mp-3216524,data_raw/mp-3216524.cif,0.0
mp-3216596,data_raw/mp-3216596.cif,0.0
mp-31703,data_raw/mp-31703.cif,2.1933
mp-1101047,data_raw/mp-1101047.cif,0.0
mp-1173585,data_raw/mp-1173585.cif,2.7742
mp-1178894,data_raw/mp-1178894.cif,0.009399999999999
mp-1179315,data_raw/mp-1179315.cif,3.2315
mp-1180213,data_raw/mp-1180213.cif,0.0
mp-1180278,data_raw/mp-1180278.cif,1.202199999999999
mp-1182285,data_raw/mp-1182285.cif,1.1031
mp-1182337,data_raw/mp-1182337.cif,0.1727
mp-1244876,data_raw/mp-1244876.cif,0.7842
mp-1248478,data_raw/mp-1248478.cif,0.0
mp-1272234,data_raw/mp-1272234.cif,0.7645000000000001
mp-1272753,data_raw/mp-1272753.cif,0.673899999999999
mp-1277045,data_raw/mp-1277045.cif,1.151399999999999
mp-1337287,data_raw/mp-1337287.cif,0.0
mp-1372548,data_raw/mp-1372548.cif,0.0
mp-23487,data_raw/mp-23487.cif,2.7868
mp-2767672,data_raw/mp-2767672.cif,3.0097
mp-2901869,data_raw/mp-2901869.cif,2.2342
mp-531689,data_raw/mp-531689.cif,1.4963
mp-551451,data_raw/mp-551451.cif,1.6259
mp-561374,data_raw/mp-561374.cif,3.152199999999999
mp-562987,data_raw/mp-562987.cif,0.8024
mp-625407,data_raw/mp-625407.cif,2.1077
mp-662523,data_raw/mp-662523.cif,3.174
mp-674361,data_raw/mp-674361.cif,2.9621
mp-675030,data_raw/mp-675030.cif,2.3354
mp-675069,data_raw/mp-675069.cif,3.0192
mp-675625,data_raw/mp-675625.cif,3.0629
mp-676280,data_raw/mp-676280.cif,3.4067
mp-676536,data_raw/mp-676536.cif,0.186199999999999
mp-676694,data_raw/mp-676694.cif,2.9794
mp-677054,data_raw/mp-677054.cif,0.0
mp-685413,data_raw/mp-685413.cif,0.0
mp-686057,data_raw/mp-686057.cif,3.0381
mp-690546,data_raw/mp-690546.cif,2.2715
mp-694948,data_raw/mp-694948.cif,0.0
mp-696871,data_raw/mp-696871.cif,3.581899999999999
mp-698587,data_raw/mp-698587.cif,1.708199999999999
mp-753428,data_raw/mp-753428.cif,0.0
mp-754022,data_raw/mp-754022.cif,0.8939
mp-756083,data_raw/mp-756083.cif,0.0
mp-757636,data_raw/mp-757636.cif,0.955
mp-758727,data_raw/mp-758727.cif,0.0
mp-759744,data_raw/mp-759744.cif,0.0017
mp-802021,data_raw/mp-802021.cif,0.0
mp-861324,data_raw/mp-861324.cif,0.0
mp-1078398,data_raw/mp-1078398.cif,0.0609
mp-1078670,data_raw/mp-1078670.cif,0.0
mp-1079050,data_raw/mp-1079050.cif,2.692999999999999
mp-1084760,data_raw/mp-1084760.cif,0.3587
mp-1181394,data_raw/mp-1181394.cif,0.1276
mp-1182642,data_raw/mp-1182642.cif,0.7079000000000001
mp-1193602,data_raw/mp-1193602.cif,0.0
mp-1340624,data_raw/mp-1340624.cif,0.0
mp-1342178,data_raw/mp-1342178.cif,0.5657000000000001
mp-1348382,data_raw/mp-1348382.cif,0.3548
mp-1639105,data_raw/mp-1639105.cif,0.0
mp-20178,data_raw/mp-20178.cif,0.0293
mp-20716,data_raw/mp-20716.cif,2.8909
mp-21190,data_raw/mp-21190.cif,3.2251
mp-23022,data_raw/mp-23022.cif,5.4717
mp-2506699,data_raw/mp-2506699.cif,4.4436
mp-25096,data_raw/mp-25096.cif,0.3548
mp-3395,data_raw/mp-3395.cif,3.7027
mp-5431,data_raw/mp-5431.cif,2.7149
mp-545482,data_raw/mp-545482.cif,1.0589
mp-550781,data_raw/mp-550781.cif,0.0
mp-561489,data_raw/mp-561489.cif,1.1676
mp-6989,data_raw/mp-6989.cif,3.886599999999999
mp-7492,data_raw/mp-7492.cif,4.002199999999999
mp-755177,data_raw/mp-755177.cif,0.086599999999999
mp-755605,data_raw/mp-755605.cif,4.055400000000001
mp-768307,data_raw/mp-768307.cif,4.4264
mp-779389,data_raw/mp-779389.cif,5.5682
mp-27144,data_raw/mp-27144.cif,3.6726
mp-756246,data_raw/mp-756246.cif,0.0509
mp-1080184,data_raw/mp-1080184.cif,0.7893000000000001
mp-1176521,data_raw/mp-1176521.cif,0.000199999999999
mp-1180705,data_raw/mp-1180705.cif,0.0
mp-1181286,data_raw/mp-1181286.cif,0.0
mp-1193035,data_raw/mp-1193035.cif,1.6433
mp-1223439,data_raw/mp-1223439.cif,3.3136
mp-1273769,data_raw/mp-1273769.cif,0.0
mp-1283250,data_raw/mp-1283250.cif,1.1424
mp-1542758,data_raw/mp-1542758.cif,1.3088
mp-17272,data_raw/mp-17272.cif,0.959
mp-20461,data_raw/mp-20461.cif,0.1934
mp-2234285,data_raw/mp-2234285.cif,1.3274
mp-2647164,data_raw/mp-2647164.cif,4.8023
mp-3033,data_raw/mp-3033.cif,3.5412
mp-33746,data_raw/mp-33746.cif,4.2823
mp-542897,data_raw/mp-542897.cif,0.0
mp-752790,data_raw/mp-752790.cif,0.1985
mp-755559,data_raw/mp-755559.cif,3.4857
mp-756050,data_raw/mp-756050.cif,1.5612
mp-756063,data_raw/mp-756063.cif,2.8197
mp-756951,data_raw/mp-756951.cif,2.9459
mp-771131,data_raw/mp-771131.cif,0.0
mp-863367,data_raw/mp-863367.cif,0.490599999999999
mp-1147748,data_raw/mp-1147748.cif,0.0
mp-1278738,data_raw/mp-1278738.cif,0.0
mp-1383064,data_raw/mp-1383064.cif,0.0
mp-1504764,data_raw/mp-1504764.cif,0.0
mp-19990,data_raw/mp-19990.cif,0.0
mp-22534,data_raw/mp-22534.cif,0.0
mp-1020622,data_raw/mp-1020622.cif,3.168099999999999
mp-1173150,data_raw/mp-1173150.cif,0.0
mp-1220387,data_raw/mp-1220387.cif,1.024299999999999
mp-1283849,data_raw/mp-1283849.cif,0.0
mp-2647156,data_raw/mp-2647156.cif,0.0
mp-2647162,data_raw/mp-2647162.cif,0.0
mp-3382,data_raw/mp-3382.cif,3.514599999999999
mp-4419,data_raw/mp-4419.cif,1.5604
mp-4675,data_raw/mp-4675.cif,2.2798
mp-550908,data_raw/mp-550908.cif,3.6763999999999992
mp-754345,data_raw/mp-754345.cif,2.5608
mp-1020123,data_raw/mp-1020123.cif,4.6316
mp-1106337,data_raw/mp-1106337.cif,0.0
mp-1195746,data_raw/mp-1195746.cif,4.4998000000000005
mp-1271783,data_raw/mp-1271783.cif,3.7996
mp-21723,data_raw/mp-21723.cif,3.1904999999999992
mp-553898,data_raw/mp-553898.cif,2.9339
mp-557189,data_raw/mp-557189.cif,5.7828
mp-573051,data_raw/mp-573051.cif,3.009
mp-769144,data_raw/mp-769144.cif,2.281099999999999
mp-776110,data_raw/mp-776110.cif,2.6768
mp-1180211,data_raw/mp-1180211.cif,0.0
mp-4853,data_raw/mp-4853.cif,3.724199999999999
mp-1020193,data_raw/mp-1020193.cif,2.9530000000000003
mp-10798,data_raw/mp-10798.cif,2.2784
mp-1105697,data_raw/mp-1105697.cif,3.3642
mp-1105811,data_raw/mp-1105811.cif,1.7979999999999992
mp-1105866,data_raw/mp-1105866.cif,0.099499999999999
mp-1105868,data_raw/mp-1105868.cif,0.0964
mp-1106304,data_raw/mp-1106304.cif,0.0
mp-1172857,data_raw/mp-1172857.cif,0.0
mp-1178219,data_raw/mp-1178219.cif,2.7983
mp-1178989,data_raw/mp-1178989.cif,0.0965
mp-1179733,data_raw/mp-1179733.cif,0.0949
mp-1182197,data_raw/mp-1182197.cif,0.0
mp-1189736,data_raw/mp-1189736.cif,0.3404
mp-1189809,data_raw/mp-1189809.cif,0.5519000000000001
mp-1194603,data_raw/mp-1194603.cif,1.9010999999999991
mp-1195015,data_raw/mp-1195015.cif,0.286099999999999
mp-1195114,data_raw/mp-1195114.cif,3.1596
mp-1196890,data_raw/mp-1196890.cif,1.119899999999999
mp-1198558,data_raw/mp-1198558.cif,0.0
mp-1199261,data_raw/mp-1199261.cif,0.0
mp-1199435,data_raw/mp-1199435.cif,3.8973999999999993
mp-1199561,data_raw/mp-1199561.cif,0.7031000000000001
mp-1199652,data_raw/mp-1199652.cif,0.188799999999999
mp-1199904,data_raw/mp-1199904.cif,1.517599999999999
mp-1199914,data_raw/mp-1199914.cif,3.3754
mp-1203220,data_raw/mp-1203220.cif,1.0391
mp-1210723,data_raw/mp-1210723.cif,0.0
mp-1213226,data_raw/mp-1213226.cif,5.422300000000001
mp-1259818,data_raw/mp-1259818.cif,1.360799999999999
mp-1272846,data_raw/mp-1272846.cif,0.0607
mp-1288734,data_raw/mp-1288734.cif,0.1141
mp-1340379,data_raw/mp-1340379.cif,0.0
mp-1343054,data_raw/mp-1343054.cif,1.9502
mp-1378105,data_raw/mp-1378105.cif,0.880799999999999
mp-1435359,data_raw/mp-1435359.cif,0.2606
mp-1643785,data_raw/mp-1643785.cif,0.8961999999999991
mp-18702,data_raw/mp-18702.cif,2.0232
mp-27556,data_raw/mp-27556.cif,3.3517
mp-2767717,data_raw/mp-2767717.cif,0.261099999999999
mp-27818,data_raw/mp-27818.cif,4.1546
mp-28109,data_raw/mp-28109.cif,3.509899999999999
mp-28290,data_raw/mp-28290.cif,3.019
mp-29164,data_raw/mp-29164.cif,0.3106
mp-29195,data_raw/mp-29195.cif,5.7219999999999995
mp-30937,data_raw/mp-30937.cif,3.066099999999999
mp-31250,data_raw/mp-31250.cif,3.0096
mp-31271,data_raw/mp-31271.cif,3.9411
mp-31302,data_raw/mp-31302.cif,4.1733
mp-4135,data_raw/mp-4135.cif,5.1118999999999994
mp-4734,data_raw/mp-4734.cif,5.208699999999999
mp-5039,data_raw/mp-5039.cif,5.1269
mp-554440,data_raw/mp-554440.cif,0.0215
mp-554874,data_raw/mp-554874.cif,0.0
mp-555390,data_raw/mp-555390.cif,2.444499999999999
mp-556235,data_raw/mp-556235.cif,5.0106
mp-556680,data_raw/mp-556680.cif,3.2188
mp-557880,data_raw/mp-557880.cif,5.243
mp-557997,data_raw/mp-557997.cif,4.2602
mp-558637,data_raw/mp-558637.cif,1.6662
mp-558696,data_raw/mp-558696.cif,0.0019
mp-559051,data_raw/mp-559051.cif,0.0
mp-559203,data_raw/mp-559203.cif,3.4047
mp-560097,data_raw/mp-560097.cif,3.297499999999999
mp-560560,data_raw/mp-560560.cif,2.8901
mp-561547,data_raw/mp-561547.cif,4.8212
mp-5733,data_raw/mp-5733.cif,5.1355
mp-607467,data_raw/mp-607467.cif,1.105
mp-616587,data_raw/mp-616587.cif,5.0926
mp-630329,data_raw/mp-630329.cif,3.367199999999999
mp-641917,data_raw/mp-641917.cif,3.3367
mp-727242,data_raw/mp-727242.cif,0.6705999999999991
mp-753819,data_raw/mp-753819.cif,0.0
mp-753953,data_raw/mp-753953.cif,2.1719
mp-755893,data_raw/mp-755893.cif,0.665299999999999
mp-756419,data_raw/mp-756419.cif,1.2694
mp-760595,data_raw/mp-760595.cif,0.0463
mp-766856,data_raw/mp-766856.cif,0.9459999999999992
mp-768293,data_raw/mp-768293.cif,1.7049999999999992
mp-768396,data_raw/mp-768396.cif,1.819
mp-769322,data_raw/mp-769322.cif,4.9221
mp-769347,data_raw/mp-769347.cif,5.0797
mp-769393,data_raw/mp-769393.cif,1.8154
mp-769404,data_raw/mp-769404.cif,1.836899999999999
mp-770413,data_raw/mp-770413.cif,4.236
mp-771698,data_raw/mp-771698.cif,4.4777000000000005
mp-775762,data_raw/mp-775762.cif,2.287
mp-775763,data_raw/mp-775763.cif,3.0001
mp-776076,data_raw/mp-776076.cif,4.9408
mp-776172,data_raw/mp-776172.cif,0.35
mp-776199,data_raw/mp-776199.cif,3.113099999999999
mp-780411,data_raw/mp-780411.cif,4.468500000000001
mp-8516,data_raw/mp-8516.cif,3.334699999999999
mp-972117,data_raw/mp-972117.cif,3.6116
mp-974724,data_raw/mp-974724.cif,3.5834
mp-1019544,data_raw/mp-1019544.cif,3.1163
mp-1079111,data_raw/mp-1079111.cif,0.0
mp-1206840,data_raw/mp-1206840.cif,0.0
mp-12867,data_raw/mp-12867.cif,1.5550000000000002
mp-2939,data_raw/mp-2939.cif,0.0
mp-3442,data_raw/mp-3442.cif,2.2434
mp-4096,data_raw/mp-4096.cif,0.0
mp-4525,data_raw/mp-4525.cif,0.0
mp-4651,data_raw/mp-4651.cif,1.848799999999999
mp-33753,data_raw/mp-33753.cif,2.9434
mp-626182,data_raw/mp-626182.cif,1.416
mp-5073,data_raw/mp-5073.cif,3.248199999999999
mp-557704,data_raw/mp-557704.cif,2.8695
mp-561851,data_raw/mp-561851.cif,3.2965
mp-1200675,data_raw/mp-1200675.cif,2.8533
mp-1223446,data_raw/mp-1223446.cif,2.529499999999999
mp-1226283,data_raw/mp-1226283.cif,0.8863000000000001
mp-1226313,data_raw/mp-1226313.cif,0.0
mp-1272388,data_raw/mp-1272388.cif,0.0
mp-1273627,data_raw/mp-1273627.cif,0.0372
mp-1303831,data_raw/mp-1303831.cif,0.229499999999999
mp-548231,data_raw/mp-548231.cif,0.0
mp-755478,data_raw/mp-755478.cif,0.766999999999999
mp-998527,data_raw/mp-998527.cif,0.0
mp-1020623,data_raw/mp-1020623.cif,3.5938
mp-1078458,data_raw/mp-1078458.cif,0.0
mp-1101375,data_raw/mp-1101375.cif,0.0
mp-1101383,data_raw/mp-1101383.cif,2.1479
mp-1101394,data_raw/mp-1101394.cif,2.5993999999999993
mp-1176440,data_raw/mp-1176440.cif,0.0
mp-1176491,data_raw/mp-1176491.cif,2.5629
mp-1178420,data_raw/mp-1178420.cif,0.0
mp-1178549,data_raw/mp-1178549.cif,1.569
mp-1178556,data_raw/mp-1178556.cif,0.0
mp-1178563,data_raw/mp-1178563.cif,0.2921
mp-1178579,data_raw/mp-1178579.cif,0.1349
mp-1288145,data_raw/mp-1288145.cif,0.9497
mp-14142,data_raw/mp-14142.cif,3.106999999999999
mp-14628,data_raw/mp-14628.cif,1.3215
mp-18634,data_raw/mp-18634.cif,3.0449
mp-18732,data_raw/mp-18732.cif,0.0
mp-19417,data_raw/mp-19417.cif,2.7436
mp-19424,data_raw/mp-19424.cif,0.0
mp-20569,data_raw/mp-20569.cif,0.877599999999999
mp-20798,data_raw/mp-20798.cif,1.6731999999999991
mp-23054,data_raw/mp-23054.cif,1.096399999999999
mp-23548,data_raw/mp-23548.cif,0.0
mp-2647004,data_raw/mp-2647004.cif,0.0
mp-30058,data_raw/mp-30058.cif,2.4362
mp-3759,data_raw/mp-3759.cif,3.633899999999999
mp-3771,data_raw/mp-3771.cif,3.529499999999999
mp-4190,data_raw/mp-4190.cif,2.937899999999999
mp-4482,data_raw/mp-4482.cif,2.7012
mp-504580,data_raw/mp-504580.cif,0.658999999999999
mp-540655,data_raw/mp-540655.cif,2.7701
mp-545999,data_raw/mp-545999.cif,0.133299999999999
mp-547792,data_raw/mp-547792.cif,2.6808
mp-554699,data_raw/mp-554699.cif,2.7131
mp-556982,data_raw/mp-556982.cif,0.0
mp-560522,data_raw/mp-560522.cif,3.339
mp-5924,data_raw/mp-5924.cif,5.7928
mp-753164,data_raw/mp-753164.cif,3.5867
mp-753992,data_raw/mp-753992.cif,0.0
mp-754152,data_raw/mp-754152.cif,2.476099999999999
mp-754229,data_raw/mp-754229.cif,0.0
mp-754246,data_raw/mp-754246.cif,1.1086
mp-754300,data_raw/mp-754300.cif,2.4719
mp-754318,data_raw/mp-754318.cif,1.7946
mp-754508,data_raw/mp-754508.cif,0.0
mp-754636,data_raw/mp-754636.cif,2.47
mp-754654,data_raw/mp-754654.cif,1.7717
mp-754915,data_raw/mp-754915.cif,0.0
mp-754980,data_raw/mp-754980.cif,2.8707000000000003
mp-755003,data_raw/mp-755003.cif,2.6285
mp-755099,data_raw/mp-755099.cif,0.0
mp-755216,data_raw/mp-755216.cif,2.441799999999999
mp-755382,data_raw/mp-755382.cif,2.1066
mp-755657,data_raw/mp-755657.cif,0.0
mp-755788,data_raw/mp-755788.cif,0.464
mp-758652,data_raw/mp-758652.cif,0.0
mp-761293,data_raw/mp-761293.cif,0.0
mp-761524,data_raw/mp-761524.cif,0.0
mp-761574,data_raw/mp-761574.cif,0.0
mp-768432,data_raw/mp-768432.cif,0.0
mp-769397,data_raw/mp-769397.cif,5.009399999999999
mp-770618,data_raw/mp-770618.cif,0.0
mp-770662,data_raw/mp-770662.cif,0.0
mp-772255,data_raw/mp-772255.cif,2.0492
mp-772801,data_raw/mp-772801.cif,2.3018
mp-774520,data_raw/mp-774520.cif,0.0
mp-776083,data_raw/mp-776083.cif,2.3676
mp-776320,data_raw/mp-776320.cif,0.0
mp-780260,data_raw/mp-780260.cif,1.1348999999999991
mp-8275,data_raw/mp-8275.cif,1.4099
mp-8285,data_raw/mp-8285.cif,2.1201
mp-867749,data_raw/mp-867749.cif,0.0804
mp-9657,data_raw/mp-9657.cif,3.385799999999999
mp-998602,data_raw/mp-998602.cif,0.0
mp-1101657,data_raw/mp-1101657.cif,3.2243
mp-1106201,data_raw/mp-1106201.cif,1.1435
mp-1178815,data_raw/mp-1178815.cif,1.9488
mp-1180142,data_raw/mp-1180142.cif,0.3706
mp-1180468,data_raw/mp-1180468.cif,0.4428
mp-1181984,data_raw/mp-1181984.cif,1.5474
mp-1193907,data_raw/mp-1193907.cif,0.0
mp-1194043,data_raw/mp-1194043.cif,5.6533999999999995
mp-1194303,data_raw/mp-1194303.cif,3.1001
mp-1194399,data_raw/mp-1194399.cif,4.9216
mp-1197679,data_raw/mp-1197679.cif,0.333
mp-1289249,data_raw/mp-1289249.cif,0.0
mp-1289597,data_raw/mp-1289597.cif,1.3314
mp-1338333,data_raw/mp-1338333.cif,0.0
mp-17464,data_raw/mp-17464.cif,3.4179
mp-17552,data_raw/mp-17552.cif,4.7336
mp-18269,data_raw/mp-18269.cif,1.452199999999999
mp-19373,data_raw/mp-19373.cif,3.0342
mp-22136,data_raw/mp-22136.cif,0.0
mp-22334,data_raw/mp-22334.cif,1.9617
mp-23456,data_raw/mp-23456.cif,1.293699999999999
mp-23477,data_raw/mp-23477.cif,1.4751
mp-2764171,data_raw/mp-2764171.cif,0.0
mp-2767681,data_raw/mp-2767681.cif,0.283299999999999
mp-27994,data_raw/mp-27994.cif,3.2015
mp-2951,data_raw/mp-2951.cif,1.5369000000000002
mp-3978,data_raw/mp-3978.cif,4.6251
mp-4819,data_raw/mp-4819.cif,2.5261
mp-510672,data_raw/mp-510672.cif,0.5499
mp-543039,data_raw/mp-543039.cif,3.2104
mp-555769,data_raw/mp-555769.cif,2.6784
mp-559767,data_raw/mp-559767.cif,2.9408000000000003
mp-562182,data_raw/mp-562182.cif,3.4371
mp-562826,data_raw/mp-562826.cif,0.0
mp-572987,data_raw/mp-572987.cif,3.0748
mp-676262,data_raw/mp-676262.cif,0.9801
mp-696740,data_raw/mp-696740.cif,1.5162
mp-696822,data_raw/mp-696822.cif,0.0
mp-752521,data_raw/mp-752521.cif,0.333299999999999
mp-752700,data_raw/mp-752700.cif,0.0
mp-753026,data_raw/mp-753026.cif,0.213499999999999
mp-754608,data_raw/mp-754608.cif,0.0
mp-755199,data_raw/mp-755199.cif,0.014299999999999
mp-755240,data_raw/mp-755240.cif,0.357699999999999
mp-755535,data_raw/mp-755535.cif,0.0
mp-755711,data_raw/mp-755711.cif,0.164399999999999
mp-755829,data_raw/mp-755829.cif,3.7211
mp-756947,data_raw/mp-756947.cif,0.827199999999999
mp-760701,data_raw/mp-760701.cif,3.4233
mp-765572,data_raw/mp-765572.cif,1.0669
mp-768578,data_raw/mp-768578.cif,0.130199999999999
mp-775767,data_raw/mp-775767.cif,0.7378
mp-776074,data_raw/mp-776074.cif,3.413499999999999
mp-776084,data_raw/mp-776084.cif,4.6708
mp-776116,data_raw/mp-776116.cif,0.0
mp-849295,data_raw/mp-849295.cif,0.512999999999999
mp-2717324,data_raw/mp-2717324.cif,5.662
mp-3404,data_raw/mp-3404.cif,5.0206
mp-541581,data_raw/mp-541581.cif,4.9772
mp-1218370,data_raw/mp-1218370.cif,4.5332
mp-1220986,data_raw/mp-1220986.cif,2.8579
mp-1227955,data_raw/mp-1227955.cif,0.0
mp-1227982,data_raw/mp-1227982.cif,4.1409
mp-2039551,data_raw/mp-2039551.cif,3.6119
mp-29762,data_raw/mp-29762.cif,2.094999999999999
mp-676851,data_raw/mp-676851.cif,3.0153
mp-1068320,data_raw/mp-1068320.cif,0.4314
mp-1070665,data_raw/mp-1070665.cif,0.0
mp-1178561,data_raw/mp-1178561.cif,2.7117
mp-1178562,data_raw/mp-1178562.cif,2.383
mp-1224030,data_raw/mp-1224030.cif,0.0
mp-22958,data_raw/mp-22958.cif,3.8569
mp-22981,data_raw/mp-22981.cif,2.763299999999999
mp-23011,data_raw/mp-23011.cif,5.3288
mp-27193,data_raw/mp-27193.cif,2.8369
mp-28872,data_raw/mp-28872.cif,3.9953
mp-28873,data_raw/mp-28873.cif,4.1681
mp-29738,data_raw/mp-29738.cif,4.3481
mp-29798,data_raw/mp-29798.cif,3.5098000000000003
mp-550506,data_raw/mp-550506.cif,5.0728
mp-705845,data_raw/mp-705845.cif,0.0
mp-7375,data_raw/mp-7375.cif,2.2934
mp-755018,data_raw/mp-755018.cif,2.5106
mp-760386,data_raw/mp-760386.cif,5.465800000000001
mp-8196,data_raw/mp-8196.cif,1.7204000000000002
mp-1078329,data_raw/mp-1078329.cif,0.0
mp-1078358,data_raw/mp-1078358.cif,0.0
mp-1078668,data_raw/mp-1078668.cif,0.0
mp-1078871,data_raw/mp-1078871.cif,3.3682
mp-1080058,data_raw/mp-1080058.cif,2.8548
mp-1101165,data_raw/mp-1101165.cif,0.0
mp-1216392,data_raw/mp-1216392.cif,1.613299999999999
mp-546027,data_raw/mp-546027.cif,1.9846999999999992
mp-551918,data_raw/mp-551918.cif,2.977899999999999
mp-552185,data_raw/mp-552185.cif,1.853899999999999
mp-755568,data_raw/mp-755568.cif,3.0525
mp-768308,data_raw/mp-768308.cif,0.0
mp-8007,data_raw/mp-8007.cif,0.4431
mp-8189,data_raw/mp-8189.cif,0.0
mp-998543,data_raw/mp-998543.cif,0.0
mp-998627,data_raw/mp-998627.cif,0.0
mp-998845,data_raw/mp-998845.cif,0.0
mp-1178465,data_raw/mp-1178465.cif,2.192
mp-30284,data_raw/mp-30284.cif,1.235099999999999
mp-557787,data_raw/mp-557787.cif,2.436499999999999
mp-19150,data_raw/mp-19150.cif,0.0
mp-1094130,data_raw/mp-1094130.cif,0.0
mp-12958,data_raw/mp-12958.cif,3.0454
mp-1299294,data_raw/mp-1299294.cif,0.0
mp-18840,data_raw/mp-18840.cif,0.8952999999999991
mp-547864,data_raw/mp-547864.cif,0.0
mp-5773,data_raw/mp-5773.cif,0.0
mp-675227,data_raw/mp-675227.cif,0.8679000000000001
mp-1078259,data_raw/mp-1078259.cif,3.8638999999999992
mp-1078634,data_raw/mp-1078634.cif,1.950899999999999
mp-1101339,data_raw/mp-1101339.cif,3.7138
mp-1120755,data_raw/mp-1120755.cif,0.6623
mp-13554,data_raw/mp-13554.cif,0.0
mp-18946,data_raw/mp-18946.cif,1.874699999999999
mp-18969,data_raw/mp-18969.cif,0.0
mp-19097,data_raw/mp-19097.cif,1.481599999999999
mp-19147,data_raw/mp-19147.cif,0.0
mp-19170,data_raw/mp-19170.cif,0.0
mp-19299,data_raw/mp-19299.cif,0.0
mp-19339,data_raw/mp-19339.cif,0.0
mp-19357,data_raw/mp-19357.cif,0.0
mp-3466,data_raw/mp-3466.cif,4.1325
mp-3474,data_raw/mp-3474.cif,0.0
mp-38220,data_raw/mp-38220.cif,3.0358
mp-4385,data_raw/mp-4385.cif,2.6226000000000003
mp-4900,data_raw/mp-4900.cif,2.2279
mp-5348,data_raw/mp-5348.cif,4.9603
mp-5364,data_raw/mp-5364.cif,0.0
mp-5899,data_raw/mp-5899.cif,4.353999999999999
mp-6910,data_raw/mp-6910.cif,0.0
mp-7027,data_raw/mp-7027.cif,2.6556
mp-753176,data_raw/mp-753176.cif,0.0
mp-753948,data_raw/mp-753948.cif,0.0
mp-754307,data_raw/mp-754307.cif,0.0
mp-754409,data_raw/mp-754409.cif,5.089799999999999
mp-754435,data_raw/mp-754435.cif,0.0002
mp-754936,data_raw/mp-754936.cif,5.165999999999999
mp-7560,data_raw/mp-7560.cif,5.3023
mp-756214,data_raw/mp-756214.cif,4.9586000000000015
mp-7607,data_raw/mp-7607.cif,1.0936
mp-761288,data_raw/mp-761288.cif,0.0
mp-770347,data_raw/mp-770347.cif,0.0
mp-772548,data_raw/mp-772548.cif,0.0
mp-778408,data_raw/mp-778408.cif,0.0
mp-780275,data_raw/mp-780275.cif,0.0
mp-8110,data_raw/mp-8110.cif,5.8392
mp-8697,data_raw/mp-8697.cif,4.118
mp-9716,data_raw/mp-9716.cif,0.0
mp-9812,data_raw/mp-9812.cif,3.5639000000000003
mp-9890,data_raw/mp-9890.cif,1.9156
mp-998624,data_raw/mp-998624.cif,0.0
mp-1199037,data_raw/mp-1199037.cif,1.7575
mp-22955,data_raw/mp-22955.cif,3.686099999999999
mp-25296,data_raw/mp-25296.cif,0.5716
mp-760536,data_raw/mp-760536.cif,0.0
mp-560265,data_raw/mp-560265.cif,4.9434000000000005
mp-779706,data_raw/mp-779706.cif,0.0
mp-1193395,data_raw/mp-1193395.cif,0.0
mp-1212640,data_raw/mp-1212640.cif,1.7714
mp-1212980,data_raw/mp-1212980.cif,0.0
mp-1213088,data_raw/mp-1213088.cif,2.9001
mp-1248301,data_raw/mp-1248301.cif,0.0
mp-1248370,data_raw/mp-1248370.cif,0.734799999999999
mp-1251647,data_raw/mp-1251647.cif,0.5902000000000001
mp-1251690,data_raw/mp-1251690.cif,1.1578
mp-1253258,data_raw/mp-1253258.cif,0.0
mp-1260288,data_raw/mp-1260288.cif,0.0
mp-1330514,data_raw/mp-1330514.cif,0.007299999999999
mp-1333124,data_raw/mp-1333124.cif,0.005599999999999
mp-1333178,data_raw/mp-1333178.cif,0.0
mp-1336975,data_raw/mp-1336975.cif,1.3989
mp-1341716,data_raw/mp-1341716.cif,0.0
mp-1342458,data_raw/mp-1342458.cif,0.0
mp-1343327,data_raw/mp-1343327.cif,0.048099999999999
mp-1346989,data_raw/mp-1346989.cif,0.006499999999999
mp-1347073,data_raw/mp-1347073.cif,1.4667
mp-1358047,data_raw/mp-1358047.cif,2.065
mp-1369676,data_raw/mp-1369676.cif,0.000999999999999
mp-1371109,data_raw/mp-1371109.cif,0.0
mp-1374707,data_raw/mp-1374707.cif,1.2462
mp-1375509,data_raw/mp-1375509.cif,1.1014
mp-1375712,data_raw/mp-1375712.cif,0.0
mp-1376082,data_raw/mp-1376082.cif,0.7618
mp-1376289,data_raw/mp-1376289.cif,1.2742
mp-1376465,data_raw/mp-1376465.cif,0.0
mp-17853,data_raw/mp-17853.cif,2.9043
mp-18808,data_raw/mp-18808.cif,0.0
mp-18954,data_raw/mp-18954.cif,0.0
mp-19056,data_raw/mp-19056.cif,0.0
mp-19217,data_raw/mp-19217.cif,0.0
mp-19267,data_raw/mp-19267.cif,2.0901
mp-19385,data_raw/mp-19385.cif,0.0
mp-504607,data_raw/mp-504607.cif,2.051699999999999
mp-542479,data_raw/mp-542479.cif,0.0
mp-554211,data_raw/mp-554211.cif,0.0
mp-558400,data_raw/mp-558400.cif,0.0
mp-768145,data_raw/mp-768145.cif,3.0556
mp-768149,data_raw/mp-768149.cif,1.987099999999999
mp-768267,data_raw/mp-768267.cif,1.978
mp-768333,data_raw/mp-768333.cif,3.0318
mp-768353,data_raw/mp-768353.cif,3.1706
mp-768374,data_raw/mp-768374.cif,0.0
mp-768469,data_raw/mp-768469.cif,2.9311
mp-768505,data_raw/mp-768505.cif,2.8917
mp-768889,data_raw/mp-768889.cif,3.0775
mp-769007,data_raw/mp-769007.cif,3.1392
mp-769015,data_raw/mp-769015.cif,2.8765
mp-769045,data_raw/mp-769045.cif,2.883999999999999
mp-769079,data_raw/mp-769079.cif,3.1715
mp-770415,data_raw/mp-770415.cif,3.0794
mp-771123,data_raw/mp-771123.cif,0.9222999999999992
mp-772180,data_raw/mp-772180.cif,3.0848
mp-772188,data_raw/mp-772188.cif,3.0953
mp-772217,data_raw/mp-772217.cif,1.9651
mp-1205336,data_raw/mp-1205336.cif,1.8948
mp-1218206,data_raw/mp-1218206.cif,0.0
mp-19241,data_raw/mp-19241.cif,1.5157
mp-29257,data_raw/mp-29257.cif,0.349699999999999
mp-561681,data_raw/mp-561681.cif,5.111499999999999
mp-754103,data_raw/mp-754103.cif,1.2293
mp-555731,data_raw/mp-555731.cif,3.0028
mp-1105278,data_raw/mp-1105278.cif,3.3848000000000003
mp-1211104,data_raw/mp-1211104.cif,0.5306000000000001
mp-13863,data_raw/mp-13863.cif,3.5519
mp-23963,data_raw/mp-23963.cif,3.1022
mp-29526,data_raw/mp-29526.cif,2.208
mp-669466,data_raw/mp-669466.cif,2.0027
mp-726260,data_raw/mp-726260.cif,1.807599999999999
mp-7339,data_raw/mp-7339.cif,4.5344999999999995
mp-754661,data_raw/mp-754661.cif,1.9762
mp-754712,data_raw/mp-754712.cif,3.0976
mp-1182592,data_raw/mp-1182592.cif,0.0
mp-17620,data_raw/mp-17620.cif,2.3645
mp-1101265,data_raw/mp-1101265.cif,3.5534
mp-1101269,data_raw/mp-1101269.cif,2.4668
mp-1176435,data_raw/mp-1176435.cif,1.2823
mp-1178547,data_raw/mp-1178547.cif,1.7659
mp-1178574,data_raw/mp-1178574.cif,0.0
mp-1180658,data_raw/mp-1180658.cif,0.0
mp-1188497,data_raw/mp-1188497.cif,0.0
mp-1192651,data_raw/mp-1192651.cif,0.0
mp-1193101,data_raw/mp-1193101.cif,0.0
mp-1206706,data_raw/mp-1206706.cif,0.0
mp-1214788,data_raw/mp-1214788.cif,0.415899999999999
mp-1275986,data_raw/mp-1275986.cif,0.0
mp-1384267,data_raw/mp-1384267.cif,0.0
mp-1384488,data_raw/mp-1384488.cif,0.0
mp-1385937,data_raw/mp-1385937.cif,0.0
mp-1387356,data_raw/mp-1387356.cif,0.0
mp-1387900,data_raw/mp-1387900.cif,0.0
mp-1389035,data_raw/mp-1389035.cif,1.4299
mp-1389151,data_raw/mp-1389151.cif,0.0
mp-1394022,data_raw/mp-1394022.cif,0.0
mp-1398131,data_raw/mp-1398131.cif,0.0
mp-1399857,data_raw/mp-1399857.cif,0.0
mp-1400236,data_raw/mp-1400236.cif,0.0
mp-1400395,data_raw/mp-1400395.cif,0.0
mp-1401965,data_raw/mp-1401965.cif,0.0
mp-1402500,data_raw/mp-1402500.cif,0.0
mp-1404877,data_raw/mp-1404877.cif,0.0
mp-1406914,data_raw/mp-1406914.cif,0.0
mp-1443298,data_raw/mp-1443298.cif,0.0
mp-1444809,data_raw/mp-1444809.cif,0.0
mp-1445377,data_raw/mp-1445377.cif,0.0
mp-19156,data_raw/mp-19156.cif,0.0
mp-19227,data_raw/mp-19227.cif,0.0367
mp-19271,data_raw/mp-19271.cif,0.0
mp-21094,data_raw/mp-21094.cif,1.2138
mp-3597,data_raw/mp-3597.cif,0.0
mp-3598,data_raw/mp-3598.cif,0.0
mp-540926,data_raw/mp-540926.cif,0.0
mp-550807,data_raw/mp-550807.cif,0.0
mp-555174,data_raw/mp-555174.cif,0.0
mp-557081,data_raw/mp-557081.cif,0.0
mp-557535,data_raw/mp-557535.cif,0.8359000000000001
mp-561949,data_raw/mp-561949.cif,2.2691
mp-5933,data_raw/mp-5933.cif,1.726099999999999
mp-752441,data_raw/mp-752441.cif,0.0
mp-754157,data_raw/mp-754157.cif,2.162
mp-754165,data_raw/mp-754165.cif,2.6997
mp-754184,data_raw/mp-754184.cif,3.560399999999999
mp-754226,data_raw/mp-754226.cif,3.3403
mp-754342,data_raw/mp-754342.cif,0.0
mp-755321,data_raw/mp-755321.cif,0.0
mp-755342,data_raw/mp-755342.cif,2.5134
mp-759116,data_raw/mp-759116.cif,0.0
mp-768358,data_raw/mp-768358.cif,2.1982
mp-768479,data_raw/mp-768479.cif,3.2044
mp-7685,data_raw/mp-7685.cif,0.0
mp-776018,data_raw/mp-776018.cif,1.7362000000000002
mp-8098,data_raw/mp-8098.cif,1.341999999999999
mp-1178354,data_raw/mp-1178354.cif,0.466299999999999
mp-557203,data_raw/mp-557203.cif,3.542
mp-752636,data_raw/mp-752636.cif,1.4496
mp-10791,data_raw/mp-10791.cif,5.161799999999999
mp-10792,data_raw/mp-10792.cif,5.0542
mp-1100926,data_raw/mp-1100926.cif,1.7207
mp-1178212,data_raw/mp-1178212.cif,0.8620000000000001
mp-1178374,data_raw/mp-1178374.cif,0.0
mp-1178485,data_raw/mp-1178485.cif,1.411099999999999
mp-1180172,data_raw/mp-1180172.cif,1.1731
mp-1192552,data_raw/mp-1192552.cif,3.148799999999999
mp-1197230,data_raw/mp-1197230.cif,4.925530420313324
mp-12315,data_raw/mp-12315.cif,5.3594
mp-1277107,data_raw/mp-1277107.cif,2.2487
mp-13514,data_raw/mp-13514.cif,5.0694
mp-17868,data_raw/mp-17868.cif,2.8628
mp-22030,data_raw/mp-22030.cif,0.0
mp-28318,data_raw/mp-28318.cif,2.2362
mp-29188,data_raw/mp-29188.cif,2.175599999999999
mp-554869,data_raw/mp-554869.cif,3.3373
mp-560049,data_raw/mp-560049.cif,0.0
mp-5945,data_raw/mp-5945.cif,2.6058
mp-650392,data_raw/mp-650392.cif,2.7187
mp-725554,data_raw/mp-725554.cif,0.0368
mp-753806,data_raw/mp-753806.cif,3.762
mp-757083,data_raw/mp-757083.cif,0.1471
mp-760994,data_raw/mp-760994.cif,2.2389
mp-768417,data_raw/mp-768417.cif,4.4431
mp-770614,data_raw/mp-770614.cif,0.142999999999999
mp-780393,data_raw/mp-780393.cif,5.046100000000001
mp-850193,data_raw/mp-850193.cif,5.367
mp-8627,data_raw/mp-8627.cif,5.2713
mp-864891,data_raw/mp-864891.cif,5.1185
mp-14607,data_raw/mp-14607.cif,2.0039
mp-29799,data_raw/mp-29799.cif,0.4914
mp-639811,data_raw/mp-639811.cif,0.0
mp-1105167,data_raw/mp-1105167.cif,0.0
mp-1196533,data_raw/mp-1196533.cif,3.276399999999999
mp-1196581,data_raw/mp-1196581.cif,5.0617
mp-1197269,data_raw/mp-1197269.cif,0.0
mp-1001571,data_raw/mp-1001571.cif,0.0
mp-1016819,data_raw/mp-1016819.cif,0.0
mp-1016820,data_raw/mp-1016820.cif,1.308399999999999
mp-1016821,data_raw/mp-1016821.cif,0.9473
mp-1016823,data_raw/mp-1016823.cif,0.0
mp-1016825,data_raw/mp-1016825.cif,1.1738
mp-1016826,data_raw/mp-1016826.cif,0.0
mp-1016827,data_raw/mp-1016827.cif,1.5499
mp-1016828,data_raw/mp-1016828.cif,0.0
mp-1016829,data_raw/mp-1016829.cif,0.0
mp-1016830,data_raw/mp-1016830.cif,1.909799999999999
mp-1016831,data_raw/mp-1016831.cif,0.0
mp-1016833,data_raw/mp-1016833.cif,0.0
mp-1016835,data_raw/mp-1016835.cif,0.0
mp-1016836,data_raw/mp-1016836.cif,0.0
mp-1016837,data_raw/mp-1016837.cif,0.0
mp-1016840,data_raw/mp-1016840.cif,0.0
mp-1016841,data_raw/mp-1016841.cif,0.0
mp-1016842,data_raw/mp-1016842.cif,0.0
mp-1016843,data_raw/mp-1016843.cif,0.0
mp-1016845,data_raw/mp-1016845.cif,0.0
mp-1016846,data_raw/mp-1016846.cif,0.0
mp-1016848,data_raw/mp-1016848.cif,0.0
mp-1016849,data_raw/mp-1016849.cif,0.0
mp-1016850,data_raw/mp-1016850.cif,0.0
mp-1016851,data_raw/mp-1016851.cif,0.0
mp-1016852,data_raw/mp-1016852.cif,0.0
mp-1016853,data_raw/mp-1016853.cif,0.0
mp-1016854,data_raw/mp-1016854.cif,0.0
mp-1016871,data_raw/mp-1016871.cif,0.0
mp-1016872,data_raw/mp-1016872.cif,0.0
mp-1016873,data_raw/mp-1016873.cif,3.6612
mp-1016874,data_raw/mp-1016874.cif,0.0
mp-1016875,data_raw/mp-1016875.cif,0.0
mp-1016876,data_raw/mp-1016876.cif,0.0
mp-1016877,data_raw/mp-1016877.cif,0.0
mp-1016879,data_raw/mp-1016879.cif,0.6505999999999991
mp-1016880,data_raw/mp-1016880.cif,0.0
mp-1016881,data_raw/mp-1016881.cif,0.0
mp-1016882,data_raw/mp-1016882.cif,0.0
mp-1016883,data_raw/mp-1016883.cif,0.0
mp-1016884,data_raw/mp-1016884.cif,0.5017
mp-1016886,data_raw/mp-1016886.cif,0.0
mp-1016900,data_raw/mp-1016900.cif,0.0
mp-1016902,data_raw/mp-1016902.cif,0.0
mp-1016903,data_raw/mp-1016903.cif,0.1022
mp-1016904,data_raw/mp-1016904.cif,0.0
mp-1016926,data_raw/mp-1016926.cif,0.0
mp-1016927,data_raw/mp-1016927.cif,0.0
mp-1016928,data_raw/mp-1016928.cif,2.9292
mp-1016929,data_raw/mp-1016929.cif,0.0
mp-1016930,data_raw/mp-1016930.cif,0.0
mp-1016931,data_raw/mp-1016931.cif,0.0
mp-1016932,data_raw/mp-1016932.cif,0.0
mp-1016938,data_raw/mp-1016938.cif,0.0
mp-1016999,data_raw/mp-1016999.cif,0.0
mp-1017000,data_raw/mp-1017000.cif,1.0257
mp-1017439,data_raw/mp-1017439.cif,2.383099999999999
mp-1017441,data_raw/mp-1017441.cif,0.0
mp-1017446,data_raw/mp-1017446.cif,0.0
mp-1017447,data_raw/mp-1017447.cif,0.0
mp-1017465,data_raw/mp-1017465.cif,0.0
mp-1017467,data_raw/mp-1017467.cif,0.0
mp-1017566,data_raw/mp-1017566.cif,0.0
mp-1017591,data_raw/mp-1017591.cif,0.0
mp-1018639,data_raw/mp-1018639.cif,1.0452
mp-1021667,data_raw/mp-1021667.cif,0.0
mp-1040464,data_raw/mp-1040464.cif,0.0
mp-1040467,data_raw/mp-1040467.cif,0.0
mp-1040469,data_raw/mp-1040469.cif,0.0
mp-1040471,data_raw/mp-1040471.cif,0.0
mp-1040472,data_raw/mp-1040472.cif,0.0
mp-1068577,data_raw/mp-1068577.cif,2.2792
mp-1069346,data_raw/mp-1069346.cif,0.0
mp-1070440,data_raw/mp-1070440.cif,0.0
mp-1075902,data_raw/mp-1075902.cif,0.0
mp-1075904,data_raw/mp-1075904.cif,0.0
mp-1075911,data_raw/mp-1075911.cif,1.3563
mp-1075921,data_raw/mp-1075921.cif,0.0
mp-1075933,data_raw/mp-1075933.cif,0.0
mp-1075973,data_raw/mp-1075973.cif,0.0
mp-1075975,data_raw/mp-1075975.cif,0.0
mp-1076000,data_raw/mp-1076000.cif,0.0
mp-1076070,data_raw/mp-1076070.cif,0.0
mp-1076317,data_raw/mp-1076317.cif,0.0
mp-1076360,data_raw/mp-1076360.cif,0.0
mp-1076368,data_raw/mp-1076368.cif,0.0
mp-1076633,data_raw/mp-1076633.cif,0.2186
mp-1076638,data_raw/mp-1076638.cif,0.2498
mp-1076642,data_raw/mp-1076642.cif,0.0
mp-1076706,data_raw/mp-1076706.cif,0.0
mp-1076711,data_raw/mp-1076711.cif,0.0
mp-1076732,data_raw/mp-1076732.cif,0.0
mp-1076782,data_raw/mp-1076782.cif,0.0
mp-1076800,data_raw/mp-1076800.cif,0.0
mp-1076820,data_raw/mp-1076820.cif,0.0
mp-1077622,data_raw/mp-1077622.cif,0.0
mp-1080187,data_raw/mp-1080187.cif,0.0
mp-1094009,data_raw/mp-1094009.cif,0.0
mp-1096800,data_raw/mp-1096800.cif,2.8177000000000003
mp-1096944,data_raw/mp-1096944.cif,1.276199999999999
mp-1097026,data_raw/mp-1097026.cif,3.365900000000001
mp-1099583,data_raw/mp-1099583.cif,0.0
mp-1099588,data_raw/mp-1099588.cif,0.723499999999999
mp-1099591,data_raw/mp-1099591.cif,0.216799999999999
mp-1099619,data_raw/mp-1099619.cif,0.0
mp-1099668,data_raw/mp-1099668.cif,0.0
mp-1099873,data_raw/mp-1099873.cif,0.0
mp-1099934,data_raw/mp-1099934.cif,0.0
mp-1100775,data_raw/mp-1100775.cif,0.0
mp-1100777,data_raw/mp-1100777.cif,0.0
mp-1100778,data_raw/mp-1100778.cif,0.0
mp-1101333,data_raw/mp-1101333.cif,0.0
mp-1120765,data_raw/mp-1120765.cif,0.0
mp-1147577,data_raw/mp-1147577.cif,0.7847000000000001
mp-11775,data_raw/mp-11775.cif,0.4542
mp-1178268,data_raw/mp-1178268.cif,1.8884999999999992
mp-1178510,data_raw/mp-1178510.cif,0.0
mp-1183043,data_raw/mp-1183043.cif,0.0
mp-1183044,data_raw/mp-1183044.cif,0.0
mp-1183045,data_raw/mp-1183045.cif,0.0
mp-1183052,data_raw/mp-1183052.cif,0.8071
mp-1183053,data_raw/mp-1183053.cif,2.895900000000001
mp-1183115,data_raw/mp-1183115.cif,4.1024
mp-1183128,data_raw/mp-1183128.cif,0.0
mp-1183132,data_raw/mp-1183132.cif,0.0
mp-1183133,data_raw/mp-1183133.cif,0.0
mp-1183134,data_raw/mp-1183134.cif,1.1346
mp-1183139,data_raw/mp-1183139.cif,0.0
mp-1183142,data_raw/mp-1183142.cif,0.0
mp-1183145,data_raw/mp-1183145.cif,0.0
mp-1183150,data_raw/mp-1183150.cif,0.0
mp-1183152,data_raw/mp-1183152.cif,3.3847
mp-1183154,data_raw/mp-1183154.cif,0.0
mp-1183159,data_raw/mp-1183159.cif,0.0
mp-1183160,data_raw/mp-1183160.cif,0.0
mp-1183168,data_raw/mp-1183168.cif,0.0
mp-1183169,data_raw/mp-1183169.cif,0.0
mp-1183176,data_raw/mp-1183176.cif,0.0
mp-1183194,data_raw/mp-1183194.cif,0.0
mp-1183211,data_raw/mp-1183211.cif,1.4054
mp-1183212,data_raw/mp-1183212.cif,0.0
mp-1183221,data_raw/mp-1183221.cif,0.0
mp-1183242,data_raw/mp-1183242.cif,0.0
mp-1183277,data_raw/mp-1183277.cif,0.0
mp-1183282,data_raw/mp-1183282.cif,0.0
mp-1183283,data_raw/mp-1183283.cif,0.0
mp-1183284,data_raw/mp-1183284.cif,0.0
mp-1183285,data_raw/mp-1183285.cif,0.0
mp-1183286,data_raw/mp-1183286.cif,0.0
mp-1183287,data_raw/mp-1183287.cif,0.0
mp-1183288,data_raw/mp-1183288.cif,0.0
mp-1183289,data_raw/mp-1183289.cif,0.0
mp-1183290,data_raw/mp-1183290.cif,0.0
mp-1183291,data_raw/mp-1183291.cif,0.0
mp-1183292,data_raw/mp-1183292.cif,0.0
mp-1183298,data_raw/mp-1183298.cif,0.0
mp-1183310,data_raw/mp-1183310.cif,0.0
mp-1183393,data_raw/mp-1183393.cif,0.0
mp-1183394,data_raw/mp-1183394.cif,0.0
mp-1183395,data_raw/mp-1183395.cif,0.0
mp-1183397,data_raw/mp-1183397.cif,0.0
mp-1183403,data_raw/mp-1183403.cif,0.0
mp-1183405,data_raw/mp-1183405.cif,0.0
mp-1183406,data_raw/mp-1183406.cif,0.0
mp-1183413,data_raw/mp-1183413.cif,0.0
mp-1183414,data_raw/mp-1183414.cif,0.0
mp-1183415,data_raw/mp-1183415.cif,0.0
mp-1183417,data_raw/mp-1183417.cif,0.0
mp-1183418,data_raw/mp-1183418.cif,0.0
mp-1183422,data_raw/mp-1183422.cif,0.0
mp-1183426,data_raw/mp-1183426.cif,0.0
mp-1183431,data_raw/mp-1183431.cif,0.0
mp-1183436,data_raw/mp-1183436.cif,0.0
mp-1183443,data_raw/mp-1183443.cif,0.0
mp-1183445,data_raw/mp-1183445.cif,0.269099999999999
mp-1183447,data_raw/mp-1183447.cif,0.0
mp-1183449,data_raw/mp-1183449.cif,0.0
mp-1183451,data_raw/mp-1183451.cif,0.0
mp-1183469,data_raw/mp-1183469.cif,0.0
mp-1183476,data_raw/mp-1183476.cif,0.0
mp-1183479,data_raw/mp-1183479.cif,0.0
mp-1183499,data_raw/mp-1183499.cif,0.0
mp-1183532,data_raw/mp-1183532.cif,0.0
mp-1183534,data_raw/mp-1183534.cif,0.0
mp-1183538,data_raw/mp-1183538.cif,0.0
mp-1183539,data_raw/mp-1183539.cif,0.0
mp-1183540,data_raw/mp-1183540.cif,0.0
mp-1183543,data_raw/mp-1183543.cif,0.0
mp-1183544,data_raw/mp-1183544.cif,0.0
mp-1183562,data_raw/mp-1183562.cif,0.0
mp-1183570,data_raw/mp-1183570.cif,0.0
mp-1183631,data_raw/mp-1183631.cif,0.0
mp-1183681,data_raw/mp-1183681.cif,0.295499999999999
mp-1183685,data_raw/mp-1183685.cif,0.809399999999999
mp-1183686,data_raw/mp-1183686.cif,0.0
mp-1183692,data_raw/mp-1183692.cif,0.0
mp-1183695,data_raw/mp-1183695.cif,0.0
mp-1183696,data_raw/mp-1183696.cif,0.0
mp-1183701,data_raw/mp-1183701.cif,0.0
mp-1183706,data_raw/mp-1183706.cif,0.0
mp-1183712,data_raw/mp-1183712.cif,0.0
mp-1183715,data_raw/mp-1183715.cif,0.0
mp-1183719,data_raw/mp-1183719.cif,0.0
mp-1183759,data_raw/mp-1183759.cif,0.0
mp-1183771,data_raw/mp-1183771.cif,0.0
mp-1183772,data_raw/mp-1183772.cif,0.0
mp-1183790,data_raw/mp-1183790.cif,0.0
mp-1183821,data_raw/mp-1183821.cif,0.0
mp-1183823,data_raw/mp-1183823.cif,1.5367000000000002
mp-1183878,data_raw/mp-1183878.cif,0.0
mp-1183905,data_raw/mp-1183905.cif,0.0
mp-1183911,data_raw/mp-1183911.cif,0.0
mp-1183913,data_raw/mp-1183913.cif,0.0
mp-1183914,data_raw/mp-1183914.cif,0.0
mp-1183917,data_raw/mp-1183917.cif,0.0
mp-1183918,data_raw/mp-1183918.cif,0.0
mp-1183919,data_raw/mp-1183919.cif,0.0
mp-1183920,data_raw/mp-1183920.cif,2.972999999999999
mp-1183922,data_raw/mp-1183922.cif,0.0
mp-1183923,data_raw/mp-1183923.cif,0.0
mp-1183925,data_raw/mp-1183925.cif,0.0
mp-1183926,data_raw/mp-1183926.cif,0.0
mp-1183929,data_raw/mp-1183929.cif,0.0
mp-1183933,data_raw/mp-1183933.cif,0.0
mp-1183934,data_raw/mp-1183934.cif,0.0
mp-1183971,data_raw/mp-1183971.cif,0.0
mp-1183972,data_raw/mp-1183972.cif,0.0
mp-1183976,data_raw/mp-1183976.cif,0.0
mp-1183977,data_raw/mp-1183977.cif,0.0
mp-1183980,data_raw/mp-1183980.cif,0.0
mp-1183983,data_raw/mp-1183983.cif,0.0
mp-1183997,data_raw/mp-1183997.cif,0.0
mp-1184022,data_raw/mp-1184022.cif,0.0
mp-1184023,data_raw/mp-1184023.cif,0.0
mp-1184032,data_raw/mp-1184032.cif,0.0
mp-1184042,data_raw/mp-1184042.cif,0.0
mp-1184044,data_raw/mp-1184044.cif,0.0
mp-1184051,data_raw/mp-1184051.cif,0.0
mp-1184073,data_raw/mp-1184073.cif,0.0
mp-1184117,data_raw/mp-1184117.cif,0.0
mp-1184148,data_raw/mp-1184148.cif,0.0
mp-1184150,data_raw/mp-1184150.cif,3.0097
mp-1184153,data_raw/mp-1184153.cif,0.0
mp-1184157,data_raw/mp-1184157.cif,0.0
mp-1184162,data_raw/mp-1184162.cif,0.0
mp-1184164,data_raw/mp-1184164.cif,2.9153
mp-1184204,data_raw/mp-1184204.cif,0.0
mp-1184206,data_raw/mp-1184206.cif,0.0
mp-1184207,data_raw/mp-1184207.cif,0.0
mp-1184215,data_raw/mp-1184215.cif,0.0
mp-1184219,data_raw/mp-1184219.cif,0.0
mp-1184220,data_raw/mp-1184220.cif,0.0
mp-1184234,data_raw/mp-1184234.cif,0.0
mp-1184243,data_raw/mp-1184243.cif,0.0
mp-1184304,data_raw/mp-1184304.cif,0.0
mp-1184309,data_raw/mp-1184309.cif,0.0
mp-1184325,data_raw/mp-1184325.cif,0.0
mp-1184348,data_raw/mp-1184348.cif,0.0
mp-1184349,data_raw/mp-1184349.cif,0.0
mp-1184353,data_raw/mp-1184353.cif,0.0
mp-1184359,data_raw/mp-1184359.cif,0.0
mp-1184369,data_raw/mp-1184369.cif,0.0
mp-1184383,data_raw/mp-1184383.cif,0.0
mp-1184400,data_raw/mp-1184400.cif,0.0
mp-1184411,data_raw/mp-1184411.cif,0.0
mp-1184445,data_raw/mp-1184445.cif,0.0
mp-1184447,data_raw/mp-1184447.cif,0.0
mp-1184468,data_raw/mp-1184468.cif,0.0
mp-1184471,data_raw/mp-1184471.cif,0.0
mp-1184481,data_raw/mp-1184481.cif,0.0
mp-1184484,data_raw/mp-1184484.cif,0.0
mp-1184486,data_raw/mp-1184486.cif,0.3657
mp-1184491,data_raw/mp-1184491.cif,0.0
mp-1184503,data_raw/mp-1184503.cif,0.0
mp-1184546,data_raw/mp-1184546.cif,2.6416
mp-1184557,data_raw/mp-1184557.cif,0.0
mp-1184562,data_raw/mp-1184562.cif,0.0
mp-1184563,data_raw/mp-1184563.cif,1.0495
mp-1184597,data_raw/mp-1184597.cif,0.0
mp-1184599,data_raw/mp-1184599.cif,0.0
mp-1184610,data_raw/mp-1184610.cif,0.0
mp-1184625,data_raw/mp-1184625.cif,0.0
mp-1184641,data_raw/mp-1184641.cif,0.0
mp-1184669,data_raw/mp-1184669.cif,0.0
mp-1184736,data_raw/mp-1184736.cif,0.0
mp-1184751,data_raw/mp-1184751.cif,0.0
mp-1184765,data_raw/mp-1184765.cif,0.0
mp-1184773,data_raw/mp-1184773.cif,0.0
mp-1184778,data_raw/mp-1184778.cif,1.4474
mp-1184799,data_raw/mp-1184799.cif,0.0
mp-1184813,data_raw/mp-1184813.cif,0.0
mp-1184833,data_raw/mp-1184833.cif,0.0
mp-1184913,data_raw/mp-1184913.cif,0.0
mp-1184935,data_raw/mp-1184935.cif,0.0
mp-1184936,data_raw/mp-1184936.cif,0.0
mp-1184937,data_raw/mp-1184937.cif,0.0
mp-1184939,data_raw/mp-1184939.cif,0.0
mp-1184940,data_raw/mp-1184940.cif,0.0
mp-1184941,data_raw/mp-1184941.cif,0.0
mp-1184942,data_raw/mp-1184942.cif,0.0
mp-1184944,data_raw/mp-1184944.cif,0.0
mp-1184945,data_raw/mp-1184945.cif,0.0
mp-1184946,data_raw/mp-1184946.cif,0.0
mp-1184947,data_raw/mp-1184947.cif,0.0
mp-1184948,data_raw/mp-1184948.cif,0.0
mp-1184949,data_raw/mp-1184949.cif,0.0
mp-1184950,data_raw/mp-1184950.cif,0.0
mp-1184953,data_raw/mp-1184953.cif,0.0
mp-1184954,data_raw/mp-1184954.cif,0.0
mp-1184957,data_raw/mp-1184957.cif,0.0
mp-1184959,data_raw/mp-1184959.cif,0.0
mp-1184960,data_raw/mp-1184960.cif,0.0
mp-1184964,data_raw/mp-1184964.cif,0.0
mp-1184965,data_raw/mp-1184965.cif,0.0
mp-1184987,data_raw/mp-1184987.cif,0.0
mp-1184992,data_raw/mp-1184992.cif,0.0
mp-1185008,data_raw/mp-1185008.cif,0.0
mp-1185009,data_raw/mp-1185009.cif,0.0
mp-1185015,data_raw/mp-1185015.cif,0.0
mp-1185065,data_raw/mp-1185065.cif,0.0
mp-1185084,data_raw/mp-1185084.cif,0.0
mp-1185122,data_raw/mp-1185122.cif,0.0
mp-1185203,data_raw/mp-1185203.cif,0.0
mp-1185236,data_raw/mp-1185236.cif,0.0
mp-1185261,data_raw/mp-1185261.cif,0.0
mp-1185263,data_raw/mp-1185263.cif,3.1954
mp-1185297,data_raw/mp-1185297.cif,0.0
mp-1185302,data_raw/mp-1185302.cif,0.0
mp-1185303,data_raw/mp-1185303.cif,0.0
mp-1185308,data_raw/mp-1185308.cif,0.0
mp-1185310,data_raw/mp-1185310.cif,0.0
mp-1185311,data_raw/mp-1185311.cif,0.0
mp-1185313,data_raw/mp-1185313.cif,0.0
mp-1185320,data_raw/mp-1185320.cif,0.0
mp-1185344,data_raw/mp-1185344.cif,0.0
mp-1185356,data_raw/mp-1185356.cif,0.0
mp-1185357,data_raw/mp-1185357.cif,0.0
mp-1185387,data_raw/mp-1185387.cif,0.0
mp-1185388,data_raw/mp-1185388.cif,0.0
mp-1185401,data_raw/mp-1185401.cif,0.0
mp-1185404,data_raw/mp-1185404.cif,0.0
mp-1185414,data_raw/mp-1185414.cif,0.0
mp-1185417,data_raw/mp-1185417.cif,0.0
mp-1185420,data_raw/mp-1185420.cif,0.0
mp-1185485,data_raw/mp-1185485.cif,3.1252
mp-1185488,data_raw/mp-1185488.cif,3.027399999999999
mp-1185490,data_raw/mp-1185490.cif,0.0
mp-1185498,data_raw/mp-1185498.cif,0.049299999999999
mp-1185514,data_raw/mp-1185514.cif,0.0
mp-1185529,data_raw/mp-1185529.cif,0.0
mp-1185544,data_raw/mp-1185544.cif,0.0
mp-1185545,data_raw/mp-1185545.cif,0.0
mp-1185548,data_raw/mp-1185548.cif,0.0
mp-1185550,data_raw/mp-1185550.cif,0.0
mp-1185551,data_raw/mp-1185551.cif,0.0
mp-1185552,data_raw/mp-1185552.cif,1.862699999999999
mp-1185561,data_raw/mp-1185561.cif,0.0
mp-1185564,data_raw/mp-1185564.cif,0.0
mp-1185612,data_raw/mp-1185612.cif,0.0
mp-1185613,data_raw/mp-1185613.cif,0.0
mp-1185614,data_raw/mp-1185614.cif,0.0
mp-1185692,data_raw/mp-1185692.cif,0.0
mp-1185693,data_raw/mp-1185693.cif,0.0
mp-1185841,data_raw/mp-1185841.cif,0.0
mp-1185847,data_raw/mp-1185847.cif,0.0
mp-1185882,data_raw/mp-1185882.cif,0.0
mp-1185889,data_raw/mp-1185889.cif,0.0
mp-1185896,data_raw/mp-1185896.cif,0.0
mp-1185941,data_raw/mp-1185941.cif,0.0
mp-1185996,data_raw/mp-1185996.cif,0.0
mp-1186097,data_raw/mp-1186097.cif,0.0
mp-1186101,data_raw/mp-1186101.cif,0.0
mp-1186106,data_raw/mp-1186106.cif,0.0
mp-1186110,data_raw/mp-1186110.cif,0.0
mp-1186112,data_raw/mp-1186112.cif,0.0
mp-1186113,data_raw/mp-1186113.cif,0.0
mp-1186118,data_raw/mp-1186118.cif,0.0
mp-1186126,data_raw/mp-1186126.cif,0.0
mp-1186133,data_raw/mp-1186133.cif,0.0
mp-1186134,data_raw/mp-1186134.cif,0.0
mp-1186138,data_raw/mp-1186138.cif,0.0
mp-1186153,data_raw/mp-1186153.cif,0.0
mp-1186154,data_raw/mp-1186154.cif,0.0
mp-1186167,data_raw/mp-1186167.cif,0.0
mp-1186198,data_raw/mp-1186198.cif,0.0
mp-1186199,data_raw/mp-1186199.cif,0.0
mp-1186216,data_raw/mp-1186216.cif,0.0
mp-1186220,data_raw/mp-1186220.cif,0.0
mp-1186312,data_raw/mp-1186312.cif,0.0
mp-1186316,data_raw/mp-1186316.cif,1.646799999999999
mp-1186320,data_raw/mp-1186320.cif,0.0
mp-1186324,data_raw/mp-1186324.cif,0.0
mp-1186326,data_raw/mp-1186326.cif,0.0
mp-1186329,data_raw/mp-1186329.cif,0.0
mp-1186334,data_raw/mp-1186334.cif,0.0
mp-1186345,data_raw/mp-1186345.cif,0.0
mp-1186346,data_raw/mp-1186346.cif,0.0
mp-1186349,data_raw/mp-1186349.cif,0.0
mp-1186357,data_raw/mp-1186357.cif,0.0
mp-1186392,data_raw/mp-1186392.cif,0.0
mp-1186395,data_raw/mp-1186395.cif,0.0
mp-1186400,data_raw/mp-1186400.cif,0.0
mp-1186401,data_raw/mp-1186401.cif,0.0
mp-1186403,data_raw/mp-1186403.cif,0.0
mp-1186404,data_raw/mp-1186404.cif,0.0
mp-1186471,data_raw/mp-1186471.cif,0.0
mp-1186515,data_raw/mp-1186515.cif,0.0
mp-1186533,data_raw/mp-1186533.cif,0.0
mp-1186557,data_raw/mp-1186557.cif,1.695799999999999
mp-1186571,data_raw/mp-1186571.cif,0.0
mp-1186597,data_raw/mp-1186597.cif,1.6185
mp-1186600,data_raw/mp-1186600.cif,0.0
mp-1186662,data_raw/mp-1186662.cif,0.0
mp-1186669,data_raw/mp-1186669.cif,0.0
mp-1186742,data_raw/mp-1186742.cif,0.0
mp-1186747,data_raw/mp-1186747.cif,0.0
mp-1186755,data_raw/mp-1186755.cif,0.0
mp-1186756,data_raw/mp-1186756.cif,0.0
mp-1186757,data_raw/mp-1186757.cif,0.0
mp-1186758,data_raw/mp-1186758.cif,0.0
mp-1186764,data_raw/mp-1186764.cif,0.0
mp-1186787,data_raw/mp-1186787.cif,0.0
mp-1186797,data_raw/mp-1186797.cif,0.0
mp-1186799,data_raw/mp-1186799.cif,0.0
mp-1186801,data_raw/mp-1186801.cif,0.0
mp-1186812,data_raw/mp-1186812.cif,0.0
mp-1186884,data_raw/mp-1186884.cif,0.0
mp-1186885,data_raw/mp-1186885.cif,0.0
mp-1186886,data_raw/mp-1186886.cif,0.0
mp-1186888,data_raw/mp-1186888.cif,0.0
mp-1186893,data_raw/mp-1186893.cif,0.0
mp-1186897,data_raw/mp-1186897.cif,0.0
mp-1186920,data_raw/mp-1186920.cif,0.0
mp-1186927,data_raw/mp-1186927.cif,0.0
mp-1186948,data_raw/mp-1186948.cif,0.0
mp-1186980,data_raw/mp-1186980.cif,0.785999999999999
mp-1186993,data_raw/mp-1186993.cif,0.0
mp-1186997,data_raw/mp-1186997.cif,0.0
mp-1186999,data_raw/mp-1186999.cif,0.0
mp-1187065,data_raw/mp-1187065.cif,0.0
mp-1187143,data_raw/mp-1187143.cif,0.0
mp-1187145,data_raw/mp-1187145.cif,0.0
mp-1187146,data_raw/mp-1187146.cif,0.0
mp-1187147,data_raw/mp-1187147.cif,0.0
mp-1187182,data_raw/mp-1187182.cif,0.0
mp-1187183,data_raw/mp-1187183.cif,0.0
mp-1187189,data_raw/mp-1187189.cif,1.7306
mp-1187190,data_raw/mp-1187190.cif,0.0
mp-1187191,data_raw/mp-1187191.cif,0.0
mp-1187192,data_raw/mp-1187192.cif,0.0
mp-1187202,data_raw/mp-1187202.cif,0.0
mp-1187220,data_raw/mp-1187220.cif,0.0
mp-1187226,data_raw/mp-1187226.cif,0.0
mp-1187260,data_raw/mp-1187260.cif,0.0
mp-1187310,data_raw/mp-1187310.cif,0.0
mp-1187321,data_raw/mp-1187321.cif,0.0
mp-1187342,data_raw/mp-1187342.cif,1.7284000000000002
mp-1187347,data_raw/mp-1187347.cif,0.0
mp-1187352,data_raw/mp-1187352.cif,0.0
mp-1187359,data_raw/mp-1187359.cif,0.0
mp-1187364,data_raw/mp-1187364.cif,0.0
mp-1187377,data_raw/mp-1187377.cif,0.0
mp-1187389,data_raw/mp-1187389.cif,0.0
mp-1187400,data_raw/mp-1187400.cif,0.0
mp-1187416,data_raw/mp-1187416.cif,0.0
mp-1187421,data_raw/mp-1187421.cif,2.696799999999999
mp-1187425,data_raw/mp-1187425.cif,0.0
mp-1187442,data_raw/mp-1187442.cif,0.0
mp-1187448,data_raw/mp-1187448.cif,0.0
mp-1187460,data_raw/mp-1187460.cif,0.0
mp-1187465,data_raw/mp-1187465.cif,0.0
mp-1187479,data_raw/mp-1187479.cif,0.0
mp-1187480,data_raw/mp-1187480.cif,0.0
mp-1187481,data_raw/mp-1187481.cif,0.0
mp-1187483,data_raw/mp-1187483.cif,0.0
mp-1187485,data_raw/mp-1187485.cif,0.0
mp-1187487,data_raw/mp-1187487.cif,0.0
mp-1187488,data_raw/mp-1187488.cif,0.0
mp-1187493,data_raw/mp-1187493.cif,0.0
mp-1187494,data_raw/mp-1187494.cif,0.0
mp-1187515,data_raw/mp-1187515.cif,1.7074999999999991
mp-1187516,data_raw/mp-1187516.cif,4.068899999999999
mp-1187518,data_raw/mp-1187518.cif,0.0
mp-1187529,data_raw/mp-1187529.cif,0.0
mp-1187530,data_raw/mp-1187530.cif,0.0
mp-1187533,data_raw/mp-1187533.cif,0.0
mp-1187535,data_raw/mp-1187535.cif,0.0
mp-1187542,data_raw/mp-1187542.cif,0.0
mp-1187556,data_raw/mp-1187556.cif,0.0
mp-1187557,data_raw/mp-1187557.cif,2.571599999999999
mp-1187561,data_raw/mp-1187561.cif,0.0
mp-1187562,data_raw/mp-1187562.cif,0.0
mp-1187568,data_raw/mp-1187568.cif,0.0
mp-1187569,data_raw/mp-1187569.cif,0.0
mp-1187570,data_raw/mp-1187570.cif,0.0
mp-1187572,data_raw/mp-1187572.cif,0.0
mp-1187576,data_raw/mp-1187576.cif,0.0
mp-1187577,data_raw/mp-1187577.cif,1.9288999999999992
mp-1187578,data_raw/mp-1187578.cif,0.0
mp-1187595,data_raw/mp-1187595.cif,0.0
mp-1187621,data_raw/mp-1187621.cif,0.0
mp-1187623,data_raw/mp-1187623.cif,0.0
mp-1187655,data_raw/mp-1187655.cif,0.0
mp-1187714,data_raw/mp-1187714.cif,0.6282000000000001
mp-1187715,data_raw/mp-1187715.cif,0.0
mp-1187736,data_raw/mp-1187736.cif,0.0
mp-1187744,data_raw/mp-1187744.cif,0.0
mp-1187745,data_raw/mp-1187745.cif,0.0
mp-1187746,data_raw/mp-1187746.cif,0.0
mp-1187750,data_raw/mp-1187750.cif,0.0
mp-1187752,data_raw/mp-1187752.cif,0.0
mp-1187767,data_raw/mp-1187767.cif,0.0
mp-1187779,data_raw/mp-1187779.cif,0.0
mp-1187781,data_raw/mp-1187781.cif,0.0
mp-1187783,data_raw/mp-1187783.cif,0.0
mp-1187784,data_raw/mp-1187784.cif,0.0
mp-1187797,data_raw/mp-1187797.cif,0.0
mp-1187862,data_raw/mp-1187862.cif,0.0
mp-1187905,data_raw/mp-1187905.cif,0.0
mp-1187924,data_raw/mp-1187924.cif,0.0
mp-1188011,data_raw/mp-1188011.cif,0.6259
mp-1188025,data_raw/mp-1188025.cif,0.0
mp-1188026,data_raw/mp-1188026.cif,0.0
mp-1188081,data_raw/mp-1188081.cif,0.0
mp-1206341,data_raw/mp-1206341.cif,0.0
mp-1206844,data_raw/mp-1206844.cif,3.000999999999999
mp-1206970,data_raw/mp-1206970.cif,3.0477
mp-1207000,data_raw/mp-1207000.cif,0.0
mp-1207083,data_raw/mp-1207083.cif,0.0
mp-1207172,data_raw/mp-1207172.cif,0.0
mp-1207179,data_raw/mp-1207179.cif,0.0
mp-1207180,data_raw/mp-1207180.cif,0.0
mp-1207184,data_raw/mp-1207184.cif,0.0
mp-1214407,data_raw/mp-1214407.cif,0.0
mp-1239192,data_raw/mp-1239192.cif,0.0
mp-12631,data_raw/mp-12631.cif,0.0
mp-12725,data_raw/mp-12725.cif,1.3336
mp-1399724,data_raw/mp-1399724.cif,0.0
mp-1402304,data_raw/mp-1402304.cif,0.0
mp-1412687,data_raw/mp-1412687.cif,0.0
mp-1413511,data_raw/mp-1413511.cif,0.0
mp-1416093,data_raw/mp-1416093.cif,0.6372999999999991
mp-1416619,data_raw/mp-1416619.cif,0.0
mp-1417649,data_raw/mp-1417649.cif,0.0
mp-1421498,data_raw/mp-1421498.cif,0.0
mp-1424898,data_raw/mp-1424898.cif,0.0
mp-1426094,data_raw/mp-1426094.cif,0.0
mp-1432347,data_raw/mp-1432347.cif,0.0
mp-1433326,data_raw/mp-1433326.cif,0.0
mp-1433892,data_raw/mp-1433892.cif,0.0
mp-1434307,data_raw/mp-1434307.cif,0.0
mp-1435808,data_raw/mp-1435808.cif,0.0
mp-1435972,data_raw/mp-1435972.cif,0.8330000000000001
mp-1436662,data_raw/mp-1436662.cif,0.0
mp-1475723,data_raw/mp-1475723.cif,0.0
mp-1503976,data_raw/mp-1503976.cif,0.0
mp-1504314,data_raw/mp-1504314.cif,0.0
mp-18717,data_raw/mp-18717.cif,0.0
mp-18747,data_raw/mp-18747.cif,0.0
mp-18770,data_raw/mp-18770.cif,1.7679
mp-18841,data_raw/mp-18841.cif,1.903899999999999
mp-19025,data_raw/mp-19025.cif,0.0
mp-19035,data_raw/mp-19035.cif,0.0
mp-19053,data_raw/mp-19053.cif,0.0
mp-19062,data_raw/mp-19062.cif,1.904
mp-19253,data_raw/mp-19253.cif,0.0
mp-19257,data_raw/mp-19257.cif,1.7362000000000002
mp-19322,data_raw/mp-19322.cif,0.0
mp-19328,data_raw/mp-19328.cif,0.0
mp-19353,data_raw/mp-19353.cif,1.847
mp-19845,data_raw/mp-19845.cif,1.585
mp-20029,data_raw/mp-20029.cif,0.0
mp-20031,data_raw/mp-20031.cif,0.7914000000000001
mp-20427,data_raw/mp-20427.cif,0.0
mp-20530,data_raw/mp-20530.cif,0.0
mp-20702,data_raw/mp-20702.cif,0.0
mp-20951,data_raw/mp-20951.cif,0.0
mp-21280,data_raw/mp-21280.cif,0.0
mp-22246,data_raw/mp-22246.cif,0.0
mp-22364,data_raw/mp-22364.cif,0.0
mp-22535,data_raw/mp-22535.cif,2.414899999999999
mp-22540,data_raw/mp-22540.cif,0.0
mp-22549,data_raw/mp-22549.cif,0.8039000000000001
mp-22593,data_raw/mp-22593.cif,0.0
mp-22979,data_raw/mp-22979.cif,1.2244
mp-2647018,data_raw/mp-2647018.cif,0.0
mp-2647102,data_raw/mp-2647102.cif,0.0
mp-2929,data_raw/mp-2929.cif,0.0
mp-2998,data_raw/mp-2998.cif,1.666299999999999
mp-3020,data_raw/mp-3020.cif,0.0
mp-3136,data_raw/mp-3136.cif,1.5249
mp-3163,data_raw/mp-3163.cif,0.372399999999999
mp-3323,data_raw/mp-3323.cif,3.214399999999999
mp-3614,data_raw/mp-3614.cif,2.0995
mp-37214,data_raw/mp-37214.cif,0.0
mp-3834,data_raw/mp-3834.cif,3.0377
mp-4126,data_raw/mp-4126.cif,0.4454
mp-4170,data_raw/mp-4170.cif,2.2603
mp-4551,data_raw/mp-4551.cif,3.7226
mp-4783,data_raw/mp-4783.cif,0.0
mp-510611,data_raw/mp-510611.cif,0.0
mp-510624,data_raw/mp-510624.cif,0.0
mp-5229,data_raw/mp-5229.cif,1.771999999999999
mp-5323,data_raw/mp-5323.cif,0.0
mp-542112,data_raw/mp-542112.cif,3.2122
mp-545379,data_raw/mp-545379.cif,0.045199999999999
mp-545712,data_raw/mp-545712.cif,0.4172
mp-546910,data_raw/mp-546910.cif,0.0
mp-546973,data_raw/mp-546973.cif,0.9698
mp-550008,data_raw/mp-550008.cif,0.6896999999999991
mp-552676,data_raw/mp-552676.cif,0.848399999999999
mp-5660,data_raw/mp-5660.cif,0.0
mp-5663,data_raw/mp-5663.cif,2.299
mp-5827,data_raw/mp-5827.cif,1.8284999999999991
mp-5893,data_raw/mp-5893.cif,3.4579
mp-613384,data_raw/mp-613384.cif,0.0
mp-7006,data_raw/mp-7006.cif,0.0
mp-7143,data_raw/mp-7143.cif,0.0
mp-753781,data_raw/mp-753781.cif,0.479599999999999
mp-754046,data_raw/mp-754046.cif,0.0
mp-754524,data_raw/mp-754524.cif,0.0
mp-754678,data_raw/mp-754678.cif,0.0
mp-754696,data_raw/mp-754696.cif,0.0
mp-754941,data_raw/mp-754941.cif,0.0
mp-755572,data_raw/mp-755572.cif,0.0
mp-755877,data_raw/mp-755877.cif,0.0
mp-756315,data_raw/mp-756315.cif,0.0
mp-758371,data_raw/mp-758371.cif,0.0
mp-762506,data_raw/mp-762506.cif,0.0
mp-771055,data_raw/mp-771055.cif,0.3877
mp-781625,data_raw/mp-781625.cif,0.0
mp-8020,data_raw/mp-8020.cif,0.0
mp-8037,data_raw/mp-8037.cif,3.2033
mp-8074,data_raw/mp-8074.cif,0.0
mp-8557,data_raw/mp-8557.cif,0.0
mp-8558,data_raw/mp-8558.cif,0.0
mp-861502,data_raw/mp-861502.cif,0.9887999999999992
mp-861873,data_raw/mp-861873.cif,0.6811
mp-862606,data_raw/mp-862606.cif,0.0
mp-862832,data_raw/mp-862832.cif,2.6427
mp-862870,data_raw/mp-862870.cif,0.0
mp-863708,data_raw/mp-863708.cif,0.0
mp-864606,data_raw/mp-864606.cif,0.0
mp-864636,data_raw/mp-864636.cif,0.0
mp-864911,data_raw/mp-864911.cif,0.0
mp-865120,data_raw/mp-865120.cif,2.952
mp-865181,data_raw/mp-865181.cif,0.0
mp-865218,data_raw/mp-865218.cif,1.897499999999999
mp-865322,data_raw/mp-865322.cif,0.2736
mp-865424,data_raw/mp-865424.cif,0.4571
mp-865758,data_raw/mp-865758.cif,1.015699999999999
mp-865927,data_raw/mp-865927.cif,0.0
mp-866030,data_raw/mp-866030.cif,0.0
mp-866036,data_raw/mp-866036.cif,0.0
mp-866095,data_raw/mp-866095.cif,0.0
mp-866101,data_raw/mp-866101.cif,2.0031
mp-867195,data_raw/mp-867195.cif,0.0
mp-971700,data_raw/mp-971700.cif,0.0
mp-971704,data_raw/mp-971704.cif,0.0
mp-971706,data_raw/mp-971706.cif,0.0
mp-971733,data_raw/mp-971733.cif,0.0
mp-971975,data_raw/mp-971975.cif,0.0
mp-971996,data_raw/mp-971996.cif,0.0
mp-972021,data_raw/mp-972021.cif,0.0
mp-972058,data_raw/mp-972058.cif,0.0
mp-972066,data_raw/mp-972066.cif,0.0
mp-972116,data_raw/mp-972116.cif,0.0
mp-972160,data_raw/mp-972160.cif,0.0
mp-972184,data_raw/mp-972184.cif,0.0
mp-972222,data_raw/mp-972222.cif,0.0
mp-972296,data_raw/mp-972296.cif,0.0
mp-972367,data_raw/mp-972367.cif,0.0
mp-972395,data_raw/mp-972395.cif,0.0
mp-972442,data_raw/mp-972442.cif,0.0
mp-972822,data_raw/mp-972822.cif,0.0
mp-972827,data_raw/mp-972827.cif,0.0
mp-972931,data_raw/mp-972931.cif,0.0
mp-972978,data_raw/mp-972978.cif,0.0
mp-972985,data_raw/mp-972985.cif,0.0
mp-973068,data_raw/mp-973068.cif,0.0
mp-973123,data_raw/mp-973123.cif,0.0
mp-973136,data_raw/mp-973136.cif,0.0
mp-973156,data_raw/mp-973156.cif,0.0
mp-973267,data_raw/mp-973267.cif,0.0
mp-973269,data_raw/mp-973269.cif,0.0
mp-973396,data_raw/mp-973396.cif,0.0
mp-973447,data_raw/mp-973447.cif,0.0
mp-973471,data_raw/mp-973471.cif,0.0
mp-973486,data_raw/mp-973486.cif,0.0
mp-973536,data_raw/mp-973536.cif,0.0
mp-973579,data_raw/mp-973579.cif,0.0
mp-973613,data_raw/mp-973613.cif,0.0
mp-973655,data_raw/mp-973655.cif,0.0
mp-973681,data_raw/mp-973681.cif,0.0
mp-973738,data_raw/mp-973738.cif,0.0
mp-973818,data_raw/mp-973818.cif,0.0
mp-973830,data_raw/mp-973830.cif,0.0
mp-973869,data_raw/mp-973869.cif,0.0
mp-973877,data_raw/mp-973877.cif,0.0
mp-973892,data_raw/mp-973892.cif,0.0
mp-973919,data_raw/mp-973919.cif,0.0
mp-973930,data_raw/mp-973930.cif,0.0
mp-973958,data_raw/mp-973958.cif,0.0
mp-973960,data_raw/mp-973960.cif,0.0
mp-973968,data_raw/mp-973968.cif,0.0
mp-973977,data_raw/mp-973977.cif,0.0
mp-974061,data_raw/mp-974061.cif,0.0
mp-974108,data_raw/mp-974108.cif,0.0
mp-974337,data_raw/mp-974337.cif,0.0
mp-974505,data_raw/mp-974505.cif,0.0
mp-974511,data_raw/mp-974511.cif,0.0
mp-974581,data_raw/mp-974581.cif,0.0
mp-974734,data_raw/mp-974734.cif,0.0
mp-974740,data_raw/mp-974740.cif,0.0
mp-974842,data_raw/mp-974842.cif,0.0
mp-975134,data_raw/mp-975134.cif,0.0
mp-975138,data_raw/mp-975138.cif,0.0
mp-975159,data_raw/mp-975159.cif,0.0
mp-975173,data_raw/mp-975173.cif,0.0
mp-975179,data_raw/mp-975179.cif,0.0
mp-975190,data_raw/mp-975190.cif,0.0
mp-975200,data_raw/mp-975200.cif,0.0
mp-975206,data_raw/mp-975206.cif,0.0
mp-975207,data_raw/mp-975207.cif,0.0
mp-975208,data_raw/mp-975208.cif,0.0
mp-975216,data_raw/mp-975216.cif,0.0
mp-975236,data_raw/mp-975236.cif,0.0
mp-975255,data_raw/mp-975255.cif,0.0
mp-975274,data_raw/mp-975274.cif,0.0
mp-975284,data_raw/mp-975284.cif,0.0
mp-975288,data_raw/mp-975288.cif,0.0
mp-975291,data_raw/mp-975291.cif,0.0
mp-975292,data_raw/mp-975292.cif,0.0
mp-975296,data_raw/mp-975296.cif,0.0
mp-975299,data_raw/mp-975299.cif,0.0
mp-975308,data_raw/mp-975308.cif,0.0
mp-975322,data_raw/mp-975322.cif,0.0
mp-975333,data_raw/mp-975333.cif,0.0
mp-975346,data_raw/mp-975346.cif,0.0
mp-975347,data_raw/mp-975347.cif,0.0
mp-975361,data_raw/mp-975361.cif,0.0
mp-975364,data_raw/mp-975364.cif,0.0
mp-975373,data_raw/mp-975373.cif,0.0
mp-975380,data_raw/mp-975380.cif,0.0
mp-975382,data_raw/mp-975382.cif,0.0
mp-975384,data_raw/mp-975384.cif,0.0
mp-975385,data_raw/mp-975385.cif,0.0
mp-975386,data_raw/mp-975386.cif,0.0
mp-975387,data_raw/mp-975387.cif,0.0
mp-975394,data_raw/mp-975394.cif,0.0
mp-975405,data_raw/mp-975405.cif,0.0
mp-975421,data_raw/mp-975421.cif,0.0
mp-975425,data_raw/mp-975425.cif,0.0
mp-975427,data_raw/mp-975427.cif,0.0
mp-975463,data_raw/mp-975463.cif,0.0
mp-975521,data_raw/mp-975521.cif,0.0
mp-975564,data_raw/mp-975564.cif,0.0
mp-975579,data_raw/mp-975579.cif,0.0
mp-975588,data_raw/mp-975588.cif,0.0
mp-975596,data_raw/mp-975596.cif,0.0
mp-975913,data_raw/mp-975913.cif,0.0
mp-975990,data_raw/mp-975990.cif,0.0
mp-976133,data_raw/mp-976133.cif,0.0
mp-976185,data_raw/mp-976185.cif,0.0
mp-976229,data_raw/mp-976229.cif,0.0
mp-976258,data_raw/mp-976258.cif,0.0
mp-976283,data_raw/mp-976283.cif,0.0
mp-976284,data_raw/mp-976284.cif,0.0
mp-976293,data_raw/mp-976293.cif,0.0
mp-976320,data_raw/mp-976320.cif,0.0
mp-976331,data_raw/mp-976331.cif,0.0
mp-976446,data_raw/mp-976446.cif,0.0
mp-976722,data_raw/mp-976722.cif,0.0
mp-976727,data_raw/mp-976727.cif,0.0
mp-976763,data_raw/mp-976763.cif,0.0
mp-976775,data_raw/mp-976775.cif,0.0
mp-976848,data_raw/mp-976848.cif,0.0
mp-976923,data_raw/mp-976923.cif,0.0
mp-976952,data_raw/mp-976952.cif,0.0
mp-976968,data_raw/mp-976968.cif,0.0
mp-977058,data_raw/mp-977058.cif,0.0
mp-977100,data_raw/mp-977100.cif,0.0
mp-977107,data_raw/mp-977107.cif,0.0
mp-977112,data_raw/mp-977112.cif,0.0
mp-977117,data_raw/mp-977117.cif,0.0
mp-977123,data_raw/mp-977123.cif,0.0
mp-977152,data_raw/mp-977152.cif,0.0
mp-977176,data_raw/mp-977176.cif,0.0
mp-977184,data_raw/mp-977184.cif,0.0
mp-977370,data_raw/mp-977370.cif,0.0
mp-977389,data_raw/mp-977389.cif,0.0
mp-977408,data_raw/mp-977408.cif,0.1116
mp-977412,data_raw/mp-977412.cif,0.0
mp-977455,data_raw/mp-977455.cif,0.915
mp-978489,data_raw/mp-978489.cif,1.184799999999999
mp-978490,data_raw/mp-978490.cif,0.0
mp-978493,data_raw/mp-978493.cif,0.7593999999999991
mp-978503,data_raw/mp-978503.cif,0.0
mp-978504,data_raw/mp-978504.cif,2.872
mp-978506,data_raw/mp-978506.cif,0.0
mp-978842,data_raw/mp-978842.cif,0.0
mp-978851,data_raw/mp-978851.cif,0.0
mp-978862,data_raw/mp-978862.cif,0.0
mp-978926,data_raw/mp-978926.cif,0.0
mp-978952,data_raw/mp-978952.cif,1.0389
mp-979272,data_raw/mp-979272.cif,0.0
mp-979294,data_raw/mp-979294.cif,0.0
mp-979436,data_raw/mp-979436.cif,0.0
mp-980058,data_raw/mp-980058.cif,0.0
mp-980537,data_raw/mp-980537.cif,0.0
mp-981132,data_raw/mp-981132.cif,0.0
mp-981250,data_raw/mp-981250.cif,0.0
mp-981313,data_raw/mp-981313.cif,0.0
mp-981367,data_raw/mp-981367.cif,0.0
mp-981376,data_raw/mp-981376.cif,0.0
mp-981550,data_raw/mp-981550.cif,0.0
mp-981934,data_raw/mp-981934.cif,0.0
mp-982040,data_raw/mp-982040.cif,0.0
mp-982245,data_raw/mp-982245.cif,0.0
mp-982558,data_raw/mp-982558.cif,0.0
mp-982885,data_raw/mp-982885.cif,0.0
mp-982975,data_raw/mp-982975.cif,0.0
mp-9833,data_raw/mp-9833.cif,0.0
mp-9834,data_raw/mp-9834.cif,0.0
mp-983513,data_raw/mp-983513.cif,0.0
mp-983564,data_raw/mp-983564.cif,0.0
mp-983578,data_raw/mp-983578.cif,0.0
mp-984051,data_raw/mp-984051.cif,0.0
mp-984082,data_raw/mp-984082.cif,0.0
mp-984240,data_raw/mp-984240.cif,0.0
mp-984356,data_raw/mp-984356.cif,0.0
mp-984357,data_raw/mp-984357.cif,0.0
mp-984454,data_raw/mp-984454.cif,0.0
mp-984552,data_raw/mp-984552.cif,0.0
mp-984553,data_raw/mp-984553.cif,0.0
mp-984554,data_raw/mp-984554.cif,0.0
mp-984628,data_raw/mp-984628.cif,0.0
mp-984632,data_raw/mp-984632.cif,0.0
mp-984722,data_raw/mp-984722.cif,0.0
mp-984723,data_raw/mp-984723.cif,2.9483
mp-984745,data_raw/mp-984745.cif,0.0
mp-984756,data_raw/mp-984756.cif,0.0
mp-985292,data_raw/mp-985292.cif,0.0
mp-985545,data_raw/mp-985545.cif,0.0
mp-998227,data_raw/mp-998227.cif,0.0
mp-998552,data_raw/mp-998552.cif,3.5394
mp-16293,data_raw/mp-16293.cif,1.121299999999999
mp-20011,data_raw/mp-20011.cif,1.4696
mp-38685,data_raw/mp-38685.cif,0.0
mp-504543,data_raw/mp-504543.cif,0.0
mp-540872,data_raw/mp-540872.cif,0.094599999999999
mp-680932,data_raw/mp-680932.cif,0.0
mp-687205,data_raw/mp-687205.cif,0.0
mp-754818,data_raw/mp-754818.cif,2.713899999999999
mp-756933,data_raw/mp-756933.cif,0.655999999999999
mp-776165,data_raw/mp-776165.cif,0.2423
mp-776168,data_raw/mp-776168.cif,0.0
mp-1215965,data_raw/mp-1215965.cif,0.5552
mp-1179263,data_raw/mp-1179263.cif,1.4505
mp-1203481,data_raw/mp-1203481.cif,1.7362000000000002
mp-4681,data_raw/mp-4681.cif,2.3684
mp-779664,data_raw/mp-779664.cif,0.0
mp-1195263,data_raw/mp-1195263.cif,3.5191
mp-27384,data_raw/mp-27384.cif,2.4375
mp-558950,data_raw/mp-558950.cif,0.5930000000000001
mp-1202955,data_raw/mp-1202955.cif,0.0
mp-28295,data_raw/mp-28295.cif,3.091199999999999
mp-605340,data_raw/mp-605340.cif,1.766
mp-647557,data_raw/mp-647557.cif,3.2094
mp-669414,data_raw/mp-669414.cif,2.779499999999999
mp-776024,data_raw/mp-776024.cif,3.744799999999999
mp-1195796,data_raw/mp-1195796.cif,2.2733
mp-21216,data_raw/mp-21216.cif,1.9962
mp-22994,data_raw/mp-22994.cif,3.6546
mp-556892,data_raw/mp-556892.cif,2.7352
mp-559252,data_raw/mp-559252.cif,3.395599999999999
mp-754092,data_raw/mp-754092.cif,0.0
mp-755685,data_raw/mp-755685.cif,4.2852
mp-756272,data_raw/mp-756272.cif,4.401499999999999
mp-772187,data_raw/mp-772187.cif,3.4263999999999992
mp-778450,data_raw/mp-778450.cif,4.2879
mp-755231,data_raw/mp-755231.cif,2.1534
mp-1079330,data_raw/mp-1079330.cif,0.0
mp-1195541,data_raw/mp-1195541.cif,0.0
mp-546798,data_raw/mp-546798.cif,2.0431
mp-1227991,data_raw/mp-1227991.cif,0.0
mp-1403003,data_raw/mp-1403003.cif,0.0
mp-1427680,data_raw/mp-1427680.cif,0.0
mp-1224772,data_raw/mp-1224772.cif,3.8657
mp-1261047,data_raw/mp-1261047.cif,3.9107
mp-17008,data_raw/mp-17008.cif,3.2993
mp-542289,data_raw/mp-542289.cif,2.568699999999999
mp-1100876,data_raw/mp-1100876.cif,4.4
mp-1217607,data_raw/mp-1217607.cif,4.4297
mp-1225223,data_raw/mp-1225223.cif,0.0
mp-753318,data_raw/mp-753318.cif,4.514
mp-760405,data_raw/mp-760405.cif,4.563000000000001
mp-760477,data_raw/mp-760477.cif,4.3574
mp-760484,data_raw/mp-760484.cif,4.5062
mp-781082,data_raw/mp-781082.cif,0.5880000000000001
mp-29049,data_raw/mp-29049.cif,0.0
mp-1221516,data_raw/mp-1221516.cif,0.7623000000000001
mp-530986,data_raw/mp-530986.cif,4.6987
mp-561385,data_raw/mp-561385.cif,3.478899999999999
mp-752649,data_raw/mp-752649.cif,0.0
mp-766236,data_raw/mp-766236.cif,3.2641
mp-766256,data_raw/mp-766256.cif,4.1556
mp-860791,data_raw/mp-860791.cif,0.287499999999999
mp-1181557,data_raw/mp-1181557.cif,0.0
mp-1192969,data_raw/mp-1192969.cif,0.0
mp-16053,data_raw/mp-16053.cif,0.112
mp-558285,data_raw/mp-558285.cif,1.8794
mp-1101702,data_raw/mp-1101702.cif,0.0
mp-1101720,data_raw/mp-1101720.cif,1.356899999999999
mp-1202570,data_raw/mp-1202570.cif,0.0
mp-770488,data_raw/mp-770488.cif,0.0
mp-891880,data_raw/mp-891880.cif,0.0
mp-1179877,data_raw/mp-1179877.cif,0.2711
mp-29077,data_raw/mp-29077.cif,0.144299999999999
mp-1178820,data_raw/mp-1178820.cif,0.0
mp-18815,data_raw/mp-18815.cif,3.046
mp-19031,data_raw/mp-19031.cif,3.0572
mp-22330,data_raw/mp-22330.cif,2.9763
mp-28853,data_raw/mp-28853.cif,1.797699999999999
mp-504651,data_raw/mp-504651.cif,3.1105
mp-776093,data_raw/mp-776093.cif,2.8702
mp-1198142,data_raw/mp-1198142.cif,1.7321
mp-1199593,data_raw/mp-1199593.cif,1.6316000000000002
mp-22628,data_raw/mp-22628.cif,3.0919
mp-1100803,data_raw/mp-1100803.cif,2.6290999999999993
mp-2225290,data_raw/mp-2225290.cif,0.9534
mp-1194970,data_raw/mp-1194970.cif,3.0119
mp-556932,data_raw/mp-556932.cif,3.725
mp-776023,data_raw/mp-776023.cif,2.7666999999999993
mp-1197831,data_raw/mp-1197831.cif,0.0
mp-16819,data_raw/mp-16819.cif,3.605899999999999
mp-21939,data_raw/mp-21939.cif,2.7758000000000003
mp-4575,data_raw/mp-4575.cif,3.048999999999999
mp-5338,data_raw/mp-5338.cif,3.9227
mp-556216,data_raw/mp-556216.cif,3.0606
mp-619034,data_raw/mp-619034.cif,3.4593
mp-643577,data_raw/mp-643577.cif,1.307599999999999
mp-699575,data_raw/mp-699575.cif,2.614699999999999
mp-734059,data_raw/mp-734059.cif,0.0
mp-769171,data_raw/mp-769171.cif,3.0391
mp-1019598,data_raw/mp-1019598.cif,0.0
mp-10429,data_raw/mp-10429.cif,4.3416000000000015
mp-1046804,data_raw/mp-1046804.cif,0.8598999999999991
mp-1097023,data_raw/mp-1097023.cif,0.5258
mp-1100874,data_raw/mp-1100874.cif,4.7951999999999995
mp-1101170,data_raw/mp-1101170.cif,4.7425999999999995
mp-1101263,data_raw/mp-1101263.cif,2.525899999999999
mp-1101279,data_raw/mp-1101279.cif,0.7359999999999991
mp-1101371,data_raw/mp-1101371.cif,4.7782
mp-1105130,data_raw/mp-1105130.cif,2.633599999999999
mp-1105153,data_raw/mp-1105153.cif,0.0
mp-1105160,data_raw/mp-1105160.cif,0.0
mp-1105218,data_raw/mp-1105218.cif,0.0
mp-1105280,data_raw/mp-1105280.cif,2.4709
mp-1105306,data_raw/mp-1105306.cif,0.4346
mp-1105437,data_raw/mp-1105437.cif,0.127399999999999
mp-1105788,data_raw/mp-1105788.cif,2.4802
mp-1105819,data_raw/mp-1105819.cif,0.322199999999999
mp-1105822,data_raw/mp-1105822.cif,2.0419
mp-1106224,data_raw/mp-1106224.cif,0.3157
mp-1106293,data_raw/mp-1106293.cif,0.186599999999999
mp-1120793,data_raw/mp-1120793.cif,0.0
mp-11623,data_raw/mp-11623.cif,2.7507
mp-1173386,data_raw/mp-1173386.cif,0.122999999999999
mp-1176417,data_raw/mp-1176417.cif,3.006299999999999
mp-1178178,data_raw/mp-1178178.cif,4.4948
mp-1178346,data_raw/mp-1178346.cif,0.0
mp-1178351,data_raw/mp-1178351.cif,0.0
mp-1178360,data_raw/mp-1178360.cif,2.622999999999999
mp-1178550,data_raw/mp-1178550.cif,0.0
mp-1179112,data_raw/mp-1179112.cif,0.0
mp-1180433,data_raw/mp-1180433.cif,1.428
mp-1180739,data_raw/mp-1180739.cif,3.2035
mp-1181443,data_raw/mp-1181443.cif,1.0638
mp-1181917,data_raw/mp-1181917.cif,0.0
mp-1187025,data_raw/mp-1187025.cif,4.0771
mp-1188225,data_raw/mp-1188225.cif,1.5136
mp-1188346,data_raw/mp-1188346.cif,0.3878
mp-1188379,data_raw/mp-1188379.cif,0.9344999999999992
mp-1188414,data_raw/mp-1188414.cif,0.0
mp-1188449,data_raw/mp-1188449.cif,1.049699999999999
mp-1188609,data_raw/mp-1188609.cif,0.162
mp-1188804,data_raw/mp-1188804.cif,1.0173
mp-1188853,data_raw/mp-1188853.cif,0.0
mp-1189614,data_raw/mp-1189614.cif,4.047
mp-1189706,data_raw/mp-1189706.cif,0.0
mp-1189762,data_raw/mp-1189762.cif,0.0
mp-1189840,data_raw/mp-1189840.cif,0.452399999999999
mp-1195803,data_raw/mp-1195803.cif,1.654799999999999
mp-1205366,data_raw/mp-1205366.cif,1.0887
mp-1207629,data_raw/mp-1207629.cif,9.999999999976698e-05
mp-1207696,data_raw/mp-1207696.cif,4.4168
mp-1207705,data_raw/mp-1207705.cif,0.9564999999999992
mp-1207852,data_raw/mp-1207852.cif,0.0
mp-1208626,data_raw/mp-1208626.cif,0.0
mp-1209329,data_raw/mp-1209329.cif,1.301599999999999
mp-1209729,data_raw/mp-1209729.cif,0.0
mp-1209736,data_raw/mp-1209736.cif,0.0
mp-1209810,data_raw/mp-1209810.cif,2.5735
mp-1209937,data_raw/mp-1209937.cif,4.8869
mp-1212108,data_raw/mp-1212108.cif,0.9605999999999992
mp-1212404,data_raw/mp-1212404.cif,0.0
mp-1212729,data_raw/mp-1212729.cif,0.0
mp-1212757,data_raw/mp-1212757.cif,0.0
mp-1212778,data_raw/mp-1212778.cif,2.521299999999999
mp-1212795,data_raw/mp-1212795.cif,0.0
mp-1212884,data_raw/mp-1212884.cif,0.8883000000000001
mp-1212985,data_raw/mp-1212985.cif,4.4171
mp-1213022,data_raw/mp-1213022.cif,0.9642
mp-1213082,data_raw/mp-1213082.cif,3.663099999999999
mp-1213318,data_raw/mp-1213318.cif,0.0
mp-1213363,data_raw/mp-1213363.cif,0.0
mp-1213788,data_raw/mp-1213788.cif,0.094799999999999
mp-1213810,data_raw/mp-1213810.cif,0.1122
mp-1213826,data_raw/mp-1213826.cif,0.0
mp-1213970,data_raw/mp-1213970.cif,0.0
mp-12271,data_raw/mp-12271.cif,4.0013
mp-1253488,data_raw/mp-1253488.cif,0.0622
mp-1326513,data_raw/mp-1326513.cif,2.438
mp-1337169,data_raw/mp-1337169.cif,1.1054
mp-13374,data_raw/mp-13374.cif,4.414
mp-1340758,data_raw/mp-1340758.cif,0.0
mp-1340878,data_raw/mp-1340878.cif,0.7162000000000001
mp-1340971,data_raw/mp-1340971.cif,1.8923
mp-1341277,data_raw/mp-1341277.cif,0.0242
mp-1342410,data_raw/mp-1342410.cif,1.9784
mp-1342607,data_raw/mp-1342607.cif,0.067899999999999
mp-1343137,data_raw/mp-1343137.cif,0.0
mp-1345463,data_raw/mp-1345463.cif,1.802899999999999
mp-1345923,data_raw/mp-1345923.cif,2.3514
mp-1346485,data_raw/mp-1346485.cif,0.229299999999999
mp-1368210,data_raw/mp-1368210.cif,0.0
mp-1368304,data_raw/mp-1368304.cif,0.0
mp-1368992,data_raw/mp-1368992.cif,0.5506000000000001
mp-1369528,data_raw/mp-1369528.cif,1.6856
mp-1369873,data_raw/mp-1369873.cif,0.0072
mp-1369924,data_raw/mp-1369924.cif,2.2586999999999993
mp-1370061,data_raw/mp-1370061.cif,0.6976000000000001
mp-1373731,data_raw/mp-1373731.cif,1.4177
mp-1376863,data_raw/mp-1376863.cif,0.0
mp-1376903,data_raw/mp-1376903.cif,0.0
mp-1378086,data_raw/mp-1378086.cif,0.8621000000000001
mp-1378884,data_raw/mp-1378884.cif,0.0
mp-1379411,data_raw/mp-1379411.cif,2.2163
mp-1379617,data_raw/mp-1379617.cif,0.0
mp-13981,data_raw/mp-13981.cif,4.821199999999999
mp-16415,data_raw/mp-16415.cif,0.0
mp-18331,data_raw/mp-18331.cif,2.6309
mp-18656,data_raw/mp-18656.cif,3.3962
mp-18725,data_raw/mp-18725.cif,2.4831
mp-18769,data_raw/mp-18769.cif,0.0
mp-18883,data_raw/mp-18883.cif,0.0
mp-18961,data_raw/mp-18961.cif,2.417799999999999
mp-18974,data_raw/mp-18974.cif,0.0
mp-19024,data_raw/mp-19024.cif,0.0
mp-19063,data_raw/mp-19063.cif,0.2571
mp-19113,data_raw/mp-19113.cif,0.0
mp-19205,data_raw/mp-19205.cif,1.5838
mp-19242,data_raw/mp-19242.cif,0.0
mp-19265,data_raw/mp-19265.cif,0.0
mp-19269,data_raw/mp-19269.cif,2.54
mp-19281,data_raw/mp-19281.cif,2.3706
mp-19319,data_raw/mp-19319.cif,1.0455
mp-19350,data_raw/mp-19350.cif,0.0
mp-19381,data_raw/mp-19381.cif,2.4922
mp-19785,data_raw/mp-19785.cif,1.5675
mp-19801,data_raw/mp-19801.cif,0.0
mp-19802,data_raw/mp-19802.cif,1.4208999999999992
mp-19853,data_raw/mp-19853.cif,1.6263
mp-19935,data_raw/mp-19935.cif,1.5703
mp-20016,data_raw/mp-20016.cif,0.0
mp-20079,data_raw/mp-20079.cif,0.933199999999999
mp-20090,data_raw/mp-20090.cif,0.0
mp-20129,data_raw/mp-20129.cif,0.0
mp-20186,data_raw/mp-20186.cif,0.0
mp-20460,data_raw/mp-20460.cif,0.0
mp-20464,data_raw/mp-20464.cif,0.0
mp-20472,data_raw/mp-20472.cif,0.0
mp-20489,data_raw/mp-20489.cif,0.7941
mp-20507,data_raw/mp-20507.cif,3.6415
mp-20614,data_raw/mp-20614.cif,0.0
mp-20651,data_raw/mp-20651.cif,1.6368
mp-20699,data_raw/mp-20699.cif,0.405199999999999
mp-20718,data_raw/mp-20718.cif,0.0
mp-20772,data_raw/mp-20772.cif,0.4069
mp-20882,data_raw/mp-20882.cif,0.058699999999999
mp-20947,data_raw/mp-20947.cif,0.0
mp-21125,data_raw/mp-21125.cif,0.448199999999999
mp-21455,data_raw/mp-21455.cif,0.0
mp-21872,data_raw/mp-21872.cif,4.8757
mp-21898,data_raw/mp-21898.cif,0.0
mp-22013,data_raw/mp-22013.cif,0.0
mp-22106,data_raw/mp-22106.cif,0.0
mp-22137,data_raw/mp-22137.cif,1.192399999999999
mp-22203,data_raw/mp-22203.cif,0.2744
mp-22220,data_raw/mp-22220.cif,4.452500000000001
mp-22224,data_raw/mp-22224.cif,2.8432999999999993
mp-22280,data_raw/mp-22280.cif,0.0
mp-22283,data_raw/mp-22283.cif,0.9134
mp-22341,data_raw/mp-22341.cif,1.0793
mp-22414,data_raw/mp-22414.cif,0.0
mp-22416,data_raw/mp-22416.cif,0.0
mp-22428,data_raw/mp-22428.cif,2.2817
mp-22487,data_raw/mp-22487.cif,0.0
mp-22495,data_raw/mp-22495.cif,0.0
mp-22564,data_raw/mp-22564.cif,0.057
mp-22588,data_raw/mp-22588.cif,1.6083
mp-22599,data_raw/mp-22599.cif,0.0
mp-22616,data_raw/mp-22616.cif,1.851999999999999
mp-22649,data_raw/mp-22649.cif,0.429899999999999
mp-22705,data_raw/mp-22705.cif,0.0
mp-22789,data_raw/mp-22789.cif,1.6567999999999992
mp-2879,data_raw/mp-2879.cif,1.7365
mp-31116,data_raw/mp-31116.cif,3.8973
mp-31117,data_raw/mp-31117.cif,4.3025
mp-31118,data_raw/mp-31118.cif,4.366899999999999
mp-31119,data_raw/mp-31119.cif,4.4378
mp-31120,data_raw/mp-31120.cif,4.459799999999999
mp-31121,data_raw/mp-31121.cif,4.476
mp-3119,data_raw/mp-3119.cif,0.0
mp-3187,data_raw/mp-3187.cif,2.2207
mp-3196,data_raw/mp-3196.cif,3.452499999999999
mp-3317,data_raw/mp-3317.cif,0.7331000000000001
mp-3378,data_raw/mp-3378.cif,4.1704
mp-35730,data_raw/mp-35730.cif,0.0
mp-3792,data_raw/mp-3792.cif,5.5402000000000005
mp-3822,data_raw/mp-3822.cif,4.4416
mp-4019,data_raw/mp-4019.cif,2.3053
mp-4320,data_raw/mp-4320.cif,0.001599999999999
mp-4355,data_raw/mp-4355.cif,0.0
mp-4387,data_raw/mp-4387.cif,3.6122
mp-4434,data_raw/mp-4434.cif,5.598200000000001
mp-4438,data_raw/mp-4438.cif,2.3301
mp-4471,data_raw/mp-4471.cif,4.591900000000001
mp-4535,data_raw/mp-4535.cif,3.3909
mp-4571,data_raw/mp-4571.cif,3.8263
mp-4582,data_raw/mp-4582.cif,0.6487
mp-4682,data_raw/mp-4682.cif,3.444199999999999
mp-4789,data_raw/mp-4789.cif,0.6013000000000001
mp-4891,data_raw/mp-4891.cif,5.8359000000000005
mp-4957,data_raw/mp-4957.cif,0.0
mp-504703,data_raw/mp-504703.cif,0.0
mp-505025,data_raw/mp-505025.cif,0.0
mp-505604,data_raw/mp-505604.cif,0.0
mp-505819,data_raw/mp-505819.cif,0.7036999999999991
mp-510278,data_raw/mp-510278.cif,0.0
mp-510575,data_raw/mp-510575.cif,0.404099999999999
mp-5163,data_raw/mp-5163.cif,0.5939999999999991
mp-5223,data_raw/mp-5223.cif,3.2382
mp-541129,data_raw/mp-541129.cif,1.034099999999999
mp-541177,data_raw/mp-541177.cif,0.0
mp-5504,data_raw/mp-5504.cif,4.397399999999999
mp-550950,data_raw/mp-550950.cif,0.0
mp-554270,data_raw/mp-554270.cif,2.007599999999999
mp-554518,data_raw/mp-554518.cif,0.429299999999999
mp-554811,data_raw/mp-554811.cif,1.439599999999999
mp-555098,data_raw/mp-555098.cif,3.886199999999999
mp-555118,data_raw/mp-555118.cif,5.081
mp-555735,data_raw/mp-555735.cif,0.0
mp-556021,data_raw/mp-556021.cif,3.256199999999999
mp-556084,data_raw/mp-556084.cif,5.5725
mp-556925,data_raw/mp-556925.cif,1.5326
mp-559756,data_raw/mp-559756.cif,4.2605
mp-561954,data_raw/mp-561954.cif,1.188599999999999
mp-562779,data_raw/mp-562779.cif,1.4471
mp-5690,data_raw/mp-5690.cif,3.1418
mp-5692,data_raw/mp-5692.cif,0.8749000000000001
mp-573119,data_raw/mp-573119.cif,0.4103
mp-5788,data_raw/mp-5788.cif,0.431
mp-5915,data_raw/mp-5915.cif,2.8457
mp-600576,data_raw/mp-600576.cif,0.0
mp-752429,data_raw/mp-752429.cif,1.2891
mp-752435,data_raw/mp-752435.cif,4.8481000000000005
mp-752437,data_raw/mp-752437.cif,2.9444
mp-753534,data_raw/mp-753534.cif,2.5156
mp-753790,data_raw/mp-753790.cif,2.3645
mp-7538,data_raw/mp-7538.cif,4.4376
mp-753995,data_raw/mp-753995.cif,4.582000000000001
mp-754145,data_raw/mp-754145.cif,4.9973
mp-754203,data_raw/mp-754203.cif,4.8916
mp-754208,data_raw/mp-754208.cif,2.882299999999999
mp-754231,data_raw/mp-754231.cif,0.0
mp-754239,data_raw/mp-754239.cif,4.3308
mp-754578,data_raw/mp-754578.cif,3.9298
mp-754597,data_raw/mp-754597.cif,1.0776
mp-754657,data_raw/mp-754657.cif,3.3253
mp-754787,data_raw/mp-754787.cif,1.166699999999999
mp-754853,data_raw/mp-754853.cif,4.4855
mp-755055,data_raw/mp-755055.cif,1.5603
mp-755109,data_raw/mp-755109.cif,4.544399999999999
mp-755138,data_raw/mp-755138.cif,2.653299999999999
mp-755165,data_raw/mp-755165.cif,4.4324
mp-755167,data_raw/mp-755167.cif,0.0
mp-755236,data_raw/mp-755236.cif,0.0
mp-755258,data_raw/mp-755258.cif,0.0
mp-755416,data_raw/mp-755416.cif,3.6066
mp-755462,data_raw/mp-755462.cif,0.0
mp-755471,data_raw/mp-755471.cif,2.5313
mp-755525,data_raw/mp-755525.cif,0.0
mp-755574,data_raw/mp-755574.cif,6.091399999999999
mp-755580,data_raw/mp-755580.cif,1.605299999999999
mp-755606,data_raw/mp-755606.cif,0.4277
mp-755612,data_raw/mp-755612.cif,3.6351
mp-755717,data_raw/mp-755717.cif,4.5947
mp-755740,data_raw/mp-755740.cif,4.7786
mp-755790,data_raw/mp-755790.cif,2.756199999999999
mp-755792,data_raw/mp-755792.cif,3.9739999999999993
mp-755865,data_raw/mp-755865.cif,0.0
mp-756030,data_raw/mp-756030.cif,3.159
mp-756048,data_raw/mp-756048.cif,4.5065
mp-756062,data_raw/mp-756062.cif,0.6746999999999991
mp-756118,data_raw/mp-756118.cif,4.7475000000000005
mp-756124,data_raw/mp-756124.cif,2.4854
mp-756147,data_raw/mp-756147.cif,1.4521
mp-756224,data_raw/mp-756224.cif,3.1586
mp-756281,data_raw/mp-756281.cif,6.078899999999999
mp-756282,data_raw/mp-756282.cif,1.297099999999999
mp-756290,data_raw/mp-756290.cif,3.9217999999999993
mp-756296,data_raw/mp-756296.cif,0.0
mp-756322,data_raw/mp-756322.cif,1.7873
mp-756365,data_raw/mp-756365.cif,2.2817
mp-756424,data_raw/mp-756424.cif,3.1346
mp-756452,data_raw/mp-756452.cif,4.822
mp-756458,data_raw/mp-756458.cif,6.0359
mp-756469,data_raw/mp-756469.cif,4.967
mp-756546,data_raw/mp-756546.cif,1.5605
mp-756630,data_raw/mp-756630.cif,5.723000000000001
mp-756686,data_raw/mp-756686.cif,3.0761
mp-756708,data_raw/mp-756708.cif,0.019499999999999
mp-756762,data_raw/mp-756762.cif,4.568899999999999
mp-756834,data_raw/mp-756834.cif,2.4964
mp-756909,data_raw/mp-756909.cif,0.932299999999999
mp-768409,data_raw/mp-768409.cif,0.0
mp-768539,data_raw/mp-768539.cif,1.208199999999999
mp-769263,data_raw/mp-769263.cif,2.911199999999999
mp-769348,data_raw/mp-769348.cif,2.3909
mp-770472,data_raw/mp-770472.cif,4.9114
mp-770581,data_raw/mp-770581.cif,0.6265000000000001
mp-770767,data_raw/mp-770767.cif,0.121799999999999
mp-770830,data_raw/mp-770830.cif,2.9128
mp-772528,data_raw/mp-772528.cif,0.1204
mp-776167,data_raw/mp-776167.cif,0.0
mp-776207,data_raw/mp-776207.cif,1.011699999999999
mp-776439,data_raw/mp-776439.cif,4.9205000000000005
mp-776593,data_raw/mp-776593.cif,4.606299999999999
mp-776984,data_raw/mp-776984.cif,2.9036
mp-777295,data_raw/mp-777295.cif,2.6809000000000003
mp-777413,data_raw/mp-777413.cif,0.0
mp-778151,data_raw/mp-778151.cif,4.524999999999999
mp-779599,data_raw/mp-779599.cif,0.0
mp-780712,data_raw/mp-780712.cif,0.0
mp-8130,data_raw/mp-8130.cif,2.028699999999999
mp-8216,data_raw/mp-8216.cif,4.500700000000001
mp-849271,data_raw/mp-849271.cif,1.9765
mp-849371,data_raw/mp-849371.cif,0.690399999999999
mp-861504,data_raw/mp-861504.cif,4.6526
mp-9186,data_raw/mp-9186.cif,3.0904
mp-1078659,data_raw/mp-1078659.cif,0.0
mp-1079054,data_raw/mp-1079054.cif,0.0
mp-1079568,data_raw/mp-1079568.cif,0.0
mp-1205362,data_raw/mp-1205362.cif,0.9891999999999992
mp-1213812,data_raw/mp-1213812.cif,1.544699999999999
mp-1214439,data_raw/mp-1214439.cif,0.7348999999999991
mp-29205,data_raw/mp-29205.cif,5.1696
mp-4784,data_raw/mp-4784.cif,1.2953
mp-548658,data_raw/mp-548658.cif,4.5235
mp-752713,data_raw/mp-752713.cif,5.4365
mp-756705,data_raw/mp-756705.cif,4.3247
mp-756850,data_raw/mp-756850.cif,3.711999999999999
mp-776166,data_raw/mp-776166.cif,0.0
mp-561216,data_raw/mp-561216.cif,0.0
mp-545825,data_raw/mp-545825.cif,0.0
mp-755834,data_raw/mp-755834.cif,0.0
mp-776150,data_raw/mp-776150.cif,0.361199999999999
mp-1173151,data_raw/mp-1173151.cif,0.0514
mp-685257,data_raw/mp-685257.cif,0.0
mp-1011260,data_raw/mp-1011260.cif,0.0
mp-1078341,data_raw/mp-1078341.cif,0.0
mp-1079334,data_raw/mp-1079334.cif,0.0
mp-1178513,data_raw/mp-1178513.cif,0.665099999999999
mp-1366217,data_raw/mp-1366217.cif,2.895
mp-555021,data_raw/mp-555021.cif,2.6752
mp-1413707,data_raw/mp-1413707.cif,0.0
mp-1431390,data_raw/mp-1431390.cif,0.0
mp-27249,data_raw/mp-27249.cif,0.0
mp-760833,data_raw/mp-760833.cif,0.3066
mp-998363,data_raw/mp-998363.cif,0.0
mp-998432,data_raw/mp-998432.cif,0.0
mp-23384,data_raw/mp-23384.cif,3.7886
mp-1106215,data_raw/mp-1106215.cif,2.316
mp-532143,data_raw/mp-532143.cif,2.6502
mp-554549,data_raw/mp-554549.cif,2.661399999999999
mp-7588,data_raw/mp-7588.cif,1.3002
mp-726037,data_raw/mp-726037.cif,0.5198
mp-772724,data_raw/mp-772724.cif,2.417099999999999
mp-20032,data_raw/mp-20032.cif,1.3715
mp-545522,data_raw/mp-545522.cif,0.0
mp-760376,data_raw/mp-760376.cif,0.0
